School ID,Name of School,"Elementary, Middle, or High School",Street Address,City,State,ZIP Code,Adequate Yearly Progress Made? ,Healthy Schools Certified?,Safety Icon ,Family Involvement Icon,Environment Icon ,Instruction Icon ,Leaders Icon ,Teachers Icon ,Parent Engagement Icon ,Parent Environment Icon,Average Student Attendance,Rate of Misconducts (per 100 students) ,Average Teacher Attendance,Total Score,Edge Score,
610034,Lawndale Elementary Community Academy,ES,3500 W Douglas Blvd ,Chicago,IL,60623,1,1,0,0,0,0,0,0,0,0,1,5,4,07,0,
609710,John M Harlan Community Academy High School,HS,9652 S Michigan Ave ,Chicago,IL,60628,1,1,0,0,0,0,0,0,0,0,1,5,4,07,0,
610038,Abraham Lincoln Elementary School,ES,615 W Kemper Pl ,Chicago,IL,60614,1,5,5,5,4,4,4,4,4,3,6,5,6,51,5,
609854,Frederic Chopin Elementary School,ES,2450 W Rice St ,Chicago,IL,60622,5,1,5,5,5,5,5,5,3,3,6,5,6,54,5,
609821,Burnham Elementary Inclusive Academy,ES,1903 E 96th St ,Chicago,IL,60617,5,1,4,4,5,5,4,4,4,3,5,4,6,50,5,
610073,Ellen Mitchell Elementary School,ES,2233 W Ohio St ,Chicago,IL,60612,5,1,5,4,5,5,5,5,4,4,5,5,7,55,5,
609880,Stephen Decatur Classical Elementary School,ES,7030 N Sacramento Ave ,Chicago,IL,60645,5,1,5,5,5,5,5,5,3,2,6,5,5,52,5,
609782,John J Audubon Elementary School,ES,3500 N Hoyne Ave ,Chicago,IL,60618,5,1,5,4,4,4,4,4,4,3,6,5,6,50,5,
610084,Annie Keller Elementary Gifted Magnet School,ES,3020 W 108th St ,Chicago,IL,60655,5,1,5,5,5,5,5,5,4,4,7,5,6,57,5,
610249,Talman Elementary School,ES,5450 S Talman Ave ,Chicago,IL,60632,1,1,5,5,5,5,5,5,4,3,6,5,5,50,5,
609974,Hawthorne Elementary Scholastic Academy,ES,3319 N Clifton Ave ,Chicago,IL,60657,5,5,5,5,4,3,5,5,4,3,6,5,6,56,5,
609852,Eliza Chappell Elementary School,ES,2135 W Foster Ave ,Chicago,IL,60625,5,1,4,4,3,3,3,3,3,3,5,5,6,43,4,
610298,Lenart Elementary Regional Gifted Center,ES,8101 S LaSalle St ,Chicago,IL,60620,5,1,4,3,3,4,3,4,3,3,7,5,7,47,4,
609749,Northside College Preparatory High School,HS,5501 N Kedzie Ave ,Chicago,IL,60625,5,1,5,0,5,5,0,0,4,4,5,5,6,40,4,
610352,Durkin Park Elementary School,ES,8445 S Kolin Ave ,Chicago,IL,60652,1,1,4,4,3,3,5,4,3,2,5,5,5,40,4,
610212,Albany Park Multicultural Academy,MS,4929 N Sawyer Ave ,Chicago,IL,60625,5,1,4,2,4,4,3,3,2,3,7,5,6,44,4,
610243,John Calhoun North Elementary School,ES,2833 W Adams St ,Chicago,IL,60612,5,1,3,3,3,3,4,5,2,3,5,5,6,43,4,
610257,Morton School of Excellence,ES,431 N Troy St ,Chicago,IL,60612,1,1,3,3,4,4,5,5,3,4,3,3,7,43,4,
610251,Willa Cather Elementary School,ES,2908 W Washington Blvd ,Chicago,IL,60612,1,1,4,4,4,5,4,5,4,3,4,4,6,45,4,
610319,Evergreen Academy Middle School,MS,3537 S Paulina St ,Chicago,IL,60609,1,1,4,3,3,3,3,4,2,3,6,5,7,40,4,
610039,Carl von Linne Elementary School,ES,3221 N Sacramento Ave ,Chicago,IL,60618,1,1,4,3,4,4,2,3,3,4,5,5,6,40,4,
610231,National Teachers Elementary Academy,ES,55 W Cermak Rd ,Chicago,IL,60616,1,1,4,4,4,4,3,3,4,4,4,5,6,42,4,
610281,Adam Clayton Powell Paideia Community Academy Elementary School,ES,7511 S South Shore Dr ,Chicago,IL,60649,1,1,3,4,4,5,4,4,2,3,5,5,5,41,4,
610242,Joseph Brennemann Elementary School,ES,4251 N Clarendon Ave ,Chicago,IL,60613,1,1,3,3,3,3,3,3,3,4,6,5,7,40,4,
609828,Jonathan Burr Elementary School,ES,1621 W Wabansia Ave ,Chicago,IL,60622,5,1,4,4,4,3,3,4,4,3,5,5,6,46,4,
610287,Ashburn Community Elementary School,ES,8300 S Saint Louis Ave ,Chicago,IL,60652,1,1,3,4,3,3,4,4,3,3,5,4,7,41,4,
609960,Nathan Hale Elementary School,ES,6140 S Melvina ,Chicago,IL,60638,5,1,3,4,3,3,4,4,4,3,4,5,6,44,4,
610170,Columbia Explorers Elementary Academy,ES,4520 S Kedzie Ave ,Chicago,IL,60632,1,1,3,4,3,4,4,4,3,4,5,5,7,43,4,
610206,Mark Twain Elementary School,ES,5134 S Lotus Ave ,Chicago,IL,60638,1,1,4,4,3,3,5,4,4,4,6,5,7,46,4,
610147,Philip Rogers Elementary School,ES,7345 N Washtenaw Ave ,Chicago,IL,60645,1,1,5,4,4,4,4,4,3,3,6,5,5,44,4,
609995,Rufus M Hitch Elementary School,ES,5625 N McVicker Ave ,Chicago,IL,60646,1,5,4,4,3,3,4,4,4,4,5,5,6,47,4,
610274,James Weldon Johnson Elementary School,ES,1420 S Albany Ave ,Chicago,IL,60623,1,1,4,2,4,4,4,4,3,4,4,5,7,42,4,
610503,Frazier Prospective IB Magnet Elementary School,ES,4027 W Grenshaw St ,Chicago,IL,60624,5,1,4,3,5,4,3,3,4,4,6,5,6,48,4,
610099,Norwood Park Elementary School,ES,5900 N Nina Ave ,Chicago,IL,60631,5,1,5,5,4,4,2,2,4,3,5,5,5,45,4,
609942,Johann W von Goethe Elementary School,ES,2236 N Rockwell St ,Chicago,IL,60647,1,1,4,4,4,3,4,4,4,3,5,5,7,44,4,
609922,Belmont-Cragin Elementary School,ES,2456 N Mango Ave ,Chicago,IL,60639,1,1,4,5,4,4,3,3,4,4,5,5,6,44,4,
610184,John Spry Elementary Community School,ES,2400 S Marshall Blvd ,Chicago,IL,60623,1,1,4,3,4,4,3,3,2,3,6,5,7,41,4,
610353,Calmeca Academy of Fine Arts and Dual Language,ES,3456 W 38th St ,Chicago,IL,60632,1,5,3,4,3,4,4,3,3,4,6,5,6,46,4,
610132,Edgar Allan Poe Elementary Classical School,ES,10538 S Langley Ave ,Chicago,IL,60628,5,1,5,2,4,5,2,3,4,3,7,5,7,48,4,
609963,Alexander Hamilton Elementary School,ES,1650 W Cornelia Ave ,Chicago,IL,60657,1,1,4,4,4,3,3,3,4,4,5,5,7,43,4,
610011,Minnie Mars Jamieson Elementary School,ES,5650 N Mozart St ,Chicago,IL,60659,1,1,4,3,4,4,3,3,3,3,5,5,6,40,4,
610125,Irma C Ruiz Elementary School,ES,2410 S Leavitt St ,Chicago,IL,60608,1,5,3,3,3,4,3,3,3,3,5,5,5,41,4,
610009,Galileo Math & Science Scholastic Academy Elementary School,ES,820 S Carpenter St ,Chicago,IL,60607,5,1,4,3,3,3,3,2,3,3,5,5,7,42,4,
609899,Christian Ebinger Elementary School,ES,7350 W Pratt Ave ,Chicago,IL,60631,5,1,4,4,4,3,2,4,3,2,5,5,5,42,4,
609849,George F Cassell Elementary School,ES,11314 S Spaulding Ave ,Chicago,IL,60655,5,1,4,4,3,2,4,4,3,2,4,5,5,41,4,
609866,John C Coonley Elementary School,ES,4046 N Leavitt St ,Chicago,IL,60618,5,1,5,5,4,2,4,3,4,4,5,5,6,48,4,
610182,Hannah G Solomon Elementary School,ES,6206 N Hamlin Ave ,Chicago,IL,60659,5,1,4,5,4,4,4,4,3,3,5,5,5,47,4,
610109,William Bishop Owen Scholastic Academy Elementary School,ES,8247 S Christiana Ave ,Chicago,IL,60652,5,1,3,4,2,3,3,3,4,3,6,5,5,42,4,
610221,Daniel Webster Elementary School,ES,4055 W Arthington St ,Chicago,IL,60624,1,1,3,3,5,4,3,3,2,4,4,5,7,40,4,
609990,South Loop Elementary School,ES,1212 S Plymouth Ct ,Chicago,IL,60605,5,1,5,4,2,2,3,3,4,2,5,5,7,43,4,
609693,George Westinghouse High School,HS,3223 W Franklin Blvd ,Chicago,IL,60624,0,1,4,4,4,5,5,4,4,4,3,5,6,44,4,
609798,Hiram H Belding Elementary School,ES,4257 N Tripp Ave ,Chicago,IL,60641,1,1,4,4,4,4,3,3,3,3,5,5,6,41,4,
609766,Jacqueline B Vaughn Occupational High School,HS,4355 N Linder Ave ,Chicago,IL,60641,0,1,3,4,2,2,4,4,4,4,7,5,5,40,4,
609836,Arthur E Canty Elementary School,ES,3740 N Panama Ave ,Chicago,IL,60634,5,1,5,4,4,4,3,3,4,3,6,5,6,48,4,
610215,Francisco I Madero Middle School,MS,3202 W 28th St ,Chicago,IL,60623,1,5,3,2,3,3,3,2,3,3,5,5,7,40,4,
609755,Whitney M Young Magnet High School,HS,211 S Laflin St ,Chicago,IL,60607,5,1,5,5,4,4,3,3,3,3,4,5,4,44,4,
610217,James Ward Elementary School,ES,2701 S Shields Ave ,Chicago,IL,60616,5,1,3,4,3,3,4,3,3,2,7,5,6,44,4,
610544,Mariano Azuela Elementary School,ES,4707 W Marquette Rd ,Chicago,IL,60629,1,1,3,5,4,5,4,5,3,4,5,5,0,40,4,
610520,LaSalle II Magnet Elementary School,ES,1148 N Honore St ,Chicago,IL,60622,5,1,4,5,2,3,5,4,4,3,5,5,4,45,4,
609888,Mary Mapes Dodge Elementary Renaissance Academy,ES,2651 W Washington Blvd ,Chicago,IL,60612,1,1,3,4,4,4,4,5,4,4,4,5,7,45,4,
610081,Mark Sheridan Elementary Math & Science Academy,ES,533 W 27th St ,Chicago,IL,60616,5,1,4,3,3,4,3,4,4,3,6,5,7,47,4,
609769,Ray Graham Training Center High School,HS,2347 S Wabash Ave ,Chicago,IL,60616,0,1,5,5,3,2,4,3,3,4,6,5,4,40,4,
609973,Emiliano Zapata Elementary Academy,ES,2728 S Kostner Ave ,Chicago,IL,60623,1,1,4,3,3,3,4,4,2,3,6,5,6,40,4,
610107,James Otis Elementary School,ES,525 N Armour St ,Chicago,IL,60622,1,1,5,5,4,3,5,5,4,4,5,5,6,48,4,
610383,Greater Lawndale High School For Social Justice,HS,3120 S Kostner Ave ,Chicago,IL,60623,1,1,3,4,3,3,5,4,3,2,7,5,5,41,4,
610095,Walter L Newberry Math & Science Academy Elementary School,ES,700 W Willow St ,Chicago,IL,60614,5,1,4,4,3,4,3,3,4,3,5,5,6,45,4,
610000,Julia Ward Howe Elementary School of Excellence,ES,720 N Lorel Ave ,Chicago,IL,60644,1,1,4,3,5,4,3,4,4,4,6,5,7,46,4,
610196,George B Swift Elementary Specialty School,ES,5900 N Winthrop Ave ,Chicago,IL,60660,1,1,4,3,4,4,4,3,3,4,6,5,5,42,4,
609901,Edgebrook Elementary School,ES,6525 N Hiawatha Ave ,Chicago,IL,60646,5,1,5,5,3,3,4,4,4,2,6,5,6,48,4,
609893,John C Dore Elementary School,ES,6108 S Natoma Ave ,Chicago,IL,60638,5,1,4,4,4,4,3,3,4,2,5,5,6,45,4,
609937,John W Garvy Elementary School,ES,5225 N Oak Park Ave ,Chicago,IL,60656,1,1,4,4,3,3,3,3,4,3,5,5,6,40,4,
610019,Joshua D Kershaw Elementary School,ES,6450 S Lowe Ave ,Chicago,IL,60621,1,1,4,4,4,3,3,3,4,4,4,5,6,41,4,
609744,Northside Learning Center High School,HS,3730 W Bryn Mawr Ave ,Chicago,IL,60659,0,1,5,5,5,2,4,5,4,4,9,5,5,49,4,
610313,Jose De Diego Elementary Community Academy,ES,1313 N Claremont Ave ,Chicago,IL,60622,1,5,3,3,2,3,4,4,3,4,5,4,6,43,4,
610033,LaSalle Elementary Language Academy,ES,1734 N Orleans St ,Chicago,IL,60614,5,1,5,4,4,3,2,3,3,3,6,5,7,46,4,
610513,Air Force Academy High School,HS,3630 S Wells St ,Chicago,IL,60609,0,5,3,4,4,3,3,3,3,3,3,5,6,40,4,
610219,George Washington Elementary School,ES,3611 E 114th St ,Chicago,IL,60617,5,1,3,4,2,3,5,4,3,3,5,5,5,43,4,
610230,Wildwood Elementary School,ES,6950 N Hiawatha Ave ,Chicago,IL,60646,5,1,5,5,4,4,3,3,4,2,6,5,5,47,4,
609956,Robert L Grimes Elementary School,ES,5450 W 64th Pl ,Chicago,IL,60638,1,1,4,4,3,3,4,4,3,3,5,5,5,40,4,
610506,TEAM Englewood Community Academy High School,HS,6201 S Stewart Ave ,Chicago,IL,60621,1,1,3,3,3,3,4,4,4,3,7,5,6,42,4,
610539,Marvin Camras Elementary School,ES,3000 N Mango Ave ,Chicago,IL,60634,1,1,3,3,2,3,5,5,3,4,5,5,0,35,3,
610056,Roswell B Mason Elementary School,ES,4217 W 18th St ,Chicago,IL,60623,1,1,2,3,3,3,3,2,3,4,2,4,5,32,3,
609863,Christopher Columbus Elementary School,ES,1003 N Leavitt St ,Chicago,IL,60622,5,1,4,0,3,3,0,0,4,3,5,5,6,34,3,
609958,Frank W Gunsaulus Elementary Scholastic Academy,ES,4420 S Sacramento Ave ,Chicago,IL,60632,1,1,3,2,2,3,2,1,3,3,6,2,6,33,3,
609938,Joseph E Gary Elementary School,ES,3740 W 31st St ,Chicago,IL,60623,1,1,2,2,2,2,2,1,2,3,6,5,6,30,3,
610239,Richard J Daley Elementary Academy,ES,5024 S Wolcott Ave ,Chicago,IL,60609,1,1,2,3,2,3,3,3,2,3,4,4,6,33,3,
610523,Edison Park Elementary School,ES,6220 N Olcott Ave ,Chicago,IL,60631,5,1,5,0,3,3,0,0,4,2,6,5,6,35,3,
610394,Uplift Community High School,HS,900 W Wilson Ave ,Chicago,IL,60640,1,1,3,3,4,4,3,3,0,0,8,5,5,35,3,
609799,Alexander Graham Bell Elementary School,ES,3730 N Oakley Ave ,Chicago,IL,60618,1,1,5,5,4,3,3,3,0,0,6,5,5,36,3,
610105,Oriole Park Elementary School,ES,5424 N Oketo Ave ,Chicago,IL,60656,1,1,5,0,5,4,0,0,4,2,6,5,5,33,3,
609837,Andrew Carnegie Elementary School,ES,1414 E 61st Pl ,Chicago,IL,60637,1,1,3,3,2,4,3,2,3,3,4,5,4,33,3,
610054,John L Marsh Elementary School,ES,9822 S Exchange Ave ,Chicago,IL,60617,1,1,4,3,3,2,3,3,3,4,5,5,5,37,3,
610225,John Whistler Elementary School,ES,11533 S Ada St ,Chicago,IL,60643,1,1,3,2,3,2,2,2,3,4,2,5,7,32,3,
610392,World Language Academy High School,HS,3120 S Kostner Ave ,Chicago,IL,60623,1,1,3,2,3,3,3,3,3,2,1,5,6,31,3,
610060,Andrew Jackson Elementary Language Academy,ES,1340 W Harrison St ,Chicago,IL,60607,5,1,5,0,3,3,0,0,0,0,7,5,6,30,3,
609772,Jane Addams Elementary School,ES,10810 S Avenue H ,Chicago,IL,60617,1,1,3,3,3,3,3,3,3,3,6,5,6,38,3,
610385,Multicultural Academy of Scholarship,HS,3120 S Kostner Ave ,Chicago,IL,60623,1,1,3,0,3,3,0,0,4,3,9,5,6,33,3,
609779,George Armstrong International Studies Elementary School,ES,2110 W Greenleaf Ave ,Chicago,IL,60645,1,1,3,3,3,4,3,3,0,0,6,5,6,33,3,
609896,Thomas Drummond Elementary School,ES,1845 W Cortland St ,Chicago,IL,60622,5,1,4,0,3,3,0,0,4,3,5,5,6,34,3,
609862,Edward Coles Elementary Language Academy,ES,8441 S Yates Blvd ,Chicago,IL,60617,1,1,2,3,3,3,3,3,3,3,5,5,5,35,3,
609917,Fernwood Elementary School,ES,10041 S Union Ave ,Chicago,IL,60628,1,1,2,2,1,3,2,3,3,3,3,4,6,30,3,
610316,Amelia Earhart Options for Knowledge Elementary School,ES,1710 E 93rd St ,Chicago,IL,60617,5,1,5,4,4,4,2,3,0,0,6,4,5,39,3,
610367,Oscar DePriest Elementary School,ES,139 S Parkside Ave ,Chicago,IL,60644,1,1,2,2,3,3,3,2,3,4,2,5,5,31,3,
610129,Josiah Pickard Elementary School,ES,2301 W 21st Pl ,Chicago,IL,60608,1,1,3,2,2,2,2,2,3,4,5,5,6,33,3,
610271,Jensen Elementary Scholastic Academy,ES,3030 W Harrison St ,Chicago,IL,60612,1,1,2,3,3,4,3,3,2,3,3,5,5,33,3,
609972,Helge A Haugan Elementary School,ES,4540 N Hamlin Ave ,Chicago,IL,60625,1,1,3,2,3,3,2,2,2,3,6,5,4,32,3,
609805,Scott Joplin Elementary School,ES,7931 S Honore St ,Chicago,IL,60620,1,1,2,2,3,3,3,2,3,3,5,4,4,32,3,
610191,Stone Elementary Scholastic Academy,ES,6239 N Leavitt St ,Chicago,IL,60659,5,1,4,0,3,3,0,0,4,3,6,5,6,35,3,
609737,Friedrich W von Steuben Metropolitan Science High School,HS,5039 N Kimball Ave ,Chicago,IL,60625,1,1,4,2,3,3,2,2,0,0,7,5,5,30,3,
609842,Rachel Carson Elementary School,ES,5516 S Maplewood Ave ,Chicago,IL,60629,1,1,2,2,3,3,2,2,3,3,7,5,7,36,3,
610016,Kate S Kellogg Elementary School,ES,9241 S Leavitt St ,Chicago,IL,60620,5,1,4,0,3,4,0,0,3,2,6,5,5,33,3,
610174,James Shields Elementary School,ES,4250 S Rockwell St ,Chicago,IL,60632,1,1,2,0,3,3,0,0,3,3,7,5,7,30,3,
609944,Virgil Grissom Elementary School,ES,12810 S Escanaba Ave ,Chicago,IL,60633,1,1,4,4,3,4,4,5,0,0,5,5,6,37,3,
609817,Lyman A Budlong Elementary School,ES,2701 W Foster Ave ,Chicago,IL,60625,1,1,3,3,2,2,3,3,3,3,5,5,5,34,3,
609872,Manuel Perez Elementary School,ES,1241 W 19th St ,Chicago,IL,60608,1,5,3,0,3,3,0,0,3,3,5,5,6,32,3,
610543,Eric Solorio Academy High School,HS,5400 S St Louis Ave ,Chicago,IL,60632,0,1,4,3,3,4,4,4,3,4,2,5,0,32,3,
609694,John Hancock College Preparatory High School,HS,4034 W 56th St ,Chicago,IL,60629,1,1,3,3,3,3,2,3,3,2,8,5,5,37,3,
609861,Henry R Clissold Elementary School,ES,2350 W 110th Pl ,Chicago,IL,60643,1,1,3,4,2,4,2,3,3,2,5,5,6,36,3,
610199,Johnnie Colemon Elementary Academy,ES,1441 W 119th St ,Chicago,IL,60643,1,1,4,0,3,4,0,0,3,4,5,5,5,30,3,
609790,Clara Barton Elementary School,ES,7650 S Wolcott Ave ,Chicago,IL,60620,1,1,2,3,2,2,4,3,3,3,1,4,6,31,3,
609950,Josefa Ortiz De Dominguez Elementary School,ES,3000 S Lawndale Ave ,Chicago,IL,60623,1,1,0,4,0,0,3,3,3,4,5,5,7,31,3,
610070,James B McPherson Elementary School,ES,4728 N Wolcott Ave ,Chicago,IL,60640,1,1,4,0,3,2,0,0,3,4,6,5,6,30,3,
610216,John A Walsh Elementary School,ES,2015 S Peoria St ,Chicago,IL,60608,1,5,4,0,4,5,0,0,3,3,5,5,5,35,3,
610220,Thomas J Waters Elementary School,ES,4540 N Campbell Ave ,Chicago,IL,60625,1,1,5,0,3,3,0,0,3,3,6,5,5,30,3,
610078,Inter-American Elementary Magnet School,ES,851 W Waveland Ave ,Chicago,IL,60613,1,1,4,0,3,3,0,0,3,3,6,5,6,30,3,
609720,Albert G Lane Technical High School,HS,2501 W Addison St ,Chicago,IL,60618,5,1,5,0,4,3,0,0,0,0,6,5,6,30,3,
609829,John C Burroughs Elementary School,ES,3542 S Washtenaw Ave ,Chicago,IL,60632,1,5,3,3,2,2,4,3,3,2,5,5,6,39,3,
610355,Mary E Courtenay Elementary Language Arts Center,ES,1726 W Berteau Ave ,Chicago,IL,60613,5,1,5,0,5,5,0,0,4,3,4,5,4,36,3,
610031,Jean D Lafayette Elementary School,ES,2714 W Augusta Blvd ,Chicago,IL,60622,1,1,3,3,3,2,5,4,3,3,4,5,6,38,3,
610269,John T McCutcheon Elementary School,ES,4865 N Sheridan Rd ,Chicago,IL,60640,1,1,3,2,4,3,2,3,3,3,4,5,4,33,3,
610115,Park Manor Elementary School,ES,7037 S Rhodes Ave ,Chicago,IL,60637,1,1,2,3,3,3,4,4,4,4,4,5,6,39,3,
610354,North River Elementary School,ES,4416 N Troy St ,Chicago,IL,60625,1,1,4,4,3,3,3,3,3,3,5,5,6,39,3,
610119,Elizabeth Peabody Elementary School,ES,1444 W Augusta Blvd ,Chicago,IL,60622,1,1,3,3,3,4,3,3,3,3,5,5,7,39,3,
609826,Rosario Castellanos Elementary School,ES,2524 S Central Park Ave ,Chicago,IL,60623,1,1,2,2,2,2,1,2,2,3,6,5,6,30,3,
610148,Cesar E Chavez Multicultural Academic Center Elementary School,ES,4747 S Marshfield Ave ,Chicago,IL,60609,1,1,3,3,4,3,3,3,2,3,5,5,6,37,3,
609804,Daniel Boone Elementary School,ES,6710 N Washtenaw Ave ,Chicago,IL,60645,1,1,3,3,3,3,3,3,3,3,5,5,5,36,3,
610061,William J & Charles H Mayo Elementary School,ES,249 E 37th St ,Chicago,IL,60653,1,1,3,3,4,4,3,3,3,4,5,4,5,39,3,
609929,Robert Fulton Elementary School,ES,5300 S Hermitage Ave ,Chicago,IL,60609,1,1,3,3,4,4,3,2,2,3,5,5,6,37,3,
609719,Lake View High School,HS,4015 N Ashland Ave ,Chicago,IL,60613,1,1,4,0,3,3,0,0,3,2,7,5,6,30,3,
610207,John H Vanderpoel Elementary Magnet School,ES,9510 S Prospect Ave ,Chicago,IL,60643,5,1,4,0,2,2,0,0,4,3,7,5,6,34,3,
609955,Walter Q Gresham Elementary School,ES,8524 S Green St ,Chicago,IL,60620,1,1,2,3,1,1,4,3,3,2,5,4,5,31,3,
610120,Ferdinand Peck Elementary School,ES,3826 W 58th St ,Chicago,IL,60629,1,1,3,3,3,3,2,2,2,2,6,5,7,35,3,
609793,Nicholson Technology Academy,ES,6006 S Peoria St ,Chicago,IL,60621,1,1,3,2,4,4,3,2,0,0,3,5,7,30,3,
610209,Alessandro Volta Elementary School,ES,4950 N Avers Ave ,Chicago,IL,60625,1,1,3,4,2,2,4,3,3,3,6,5,5,37,3,
609969,Bret Harte Elementary School,ES,1556 E 56th St ,Chicago,IL,60637,5,1,4,0,4,4,0,0,3,2,4,5,5,32,3,
609926,Franklin Elementary Fine Arts Center,ES,225 W Evergreen Ave ,Chicago,IL,60610,5,1,5,0,4,3,0,0,4,3,5,5,5,35,3,
609910,Laughlin Falconer Elementary School,ES,3020 N Lamon Ave ,Chicago,IL,60641,1,1,3,2,3,2,2,2,3,3,6,5,7,35,3,
609881,Edward C Delano Elementary School,ES,3937 W Wilcox St ,Chicago,IL,60624,1,1,2,4,4,3,4,4,4,4,3,5,4,38,3,
609945,William C Goudy Elementary School,ES,5120 N Winthrop Ave ,Chicago,IL,60640,1,1,4,3,4,4,4,3,0,0,6,5,5,35,3,
610063,Cyrus H McCormick Elementary School,ES,2712 S Sawyer Ave ,Chicago,IL,60623,1,5,0,4,0,0,4,3,3,4,5,5,5,34,3,
610006,Edward N Hurley Elementary School,ES,3849 W 69th Pl ,Chicago,IL,60629,1,1,4,3,3,3,3,3,3,2,5,5,4,35,3,
610365,Mary McLeod Bethune Elementary School,ES,3030 W Arthington St ,Chicago,IL,60612,1,1,3,3,3,2,2,3,4,4,3,4,7,36,3,
609851,Thomas Chalmers Specialty Elementary School,ES,2745 W Roosevelt Rd ,Chicago,IL,60608,1,1,2,4,2,3,5,4,0,0,4,5,7,33,3,
610233,Elihu Yale Elementary School,ES,7025 S Princeton Ave ,Chicago,IL,60621,1,1,2,2,3,3,0,0,3,3,9,3,7,34,3,
610066,James E McDade Elementary Classical School,ES,8801 S Indiana Ave ,Chicago,IL,60619,5,1,5,0,3,3,0,0,4,3,6,5,4,34,3,
609789,John Barry Elementary School,ES,2828 N Kilbourn Ave ,Chicago,IL,60641,1,1,2,3,4,5,2,3,3,3,5,5,6,38,3,
609715,Thomas Kelly High School,HS,4136 S California Ave ,Chicago,IL,60632,1,1,2,3,2,2,4,3,0,0,9,5,5,32,3,
609925,Joseph Kellman Corporate Community Elementary School,ES,751 S Sacramento Blvd ,Chicago,IL,60612,1,1,3,4,3,3,2,3,4,4,5,5,5,38,3,
609967,William F Finkl Elementary School,ES,2332 S Western Ave ,Chicago,IL,60608,1,1,3,4,3,3,3,3,3,4,5,5,6,39,3,
609989,Victor Herbert Elementary School,ES,2131 W Monroe St ,Chicago,IL,60612,1,1,3,3,4,4,3,3,3,3,2,5,6,36,3,
609954,John Milton Gregory Elementary School,ES,3715 W Polk St ,Chicago,IL,60624,1,1,3,3,2,3,4,3,3,4,5,5,4,36,3,
609971,John Harvard Elementary School of Excellence,ES,7525 S Harvard ,Chicago,IL,60620,1,1,3,2,4,4,3,2,3,4,3,5,6,36,3,
609857,Grover Cleveland Elementary School,ES,3121 W Byron St ,Chicago,IL,60618,1,1,4,3,3,3,3,3,3,3,5,5,6,38,3,
610065,Emmett Louis Till Math and Science Academy,ES,6543 S Champlain Ave ,Chicago,IL,60637,1,1,2,2,3,3,3,3,3,3,8,2,3,35,3,
609738,Lincoln Park High School,HS,2001 N Orchard St ,Chicago,IL,60614,1,1,4,4,3,3,3,3,0,0,4,5,6,32,3,
609884,William E Dever Elementary School,ES,3436 N Osceola Ave ,Chicago,IL,60634,1,1,4,4,4,4,2,2,3,3,5,5,5,38,3,
610096,Florence Nightingale Elementary School,ES,5250 S Rockwell St ,Chicago,IL,60632,1,1,2,3,3,3,4,4,3,3,5,5,5,37,3,
610176,John D Shoop Math-Science Technical Academy Elementary School,ES,11140 S Bishop St ,Chicago,IL,60643,1,1,2,3,3,3,3,3,3,4,3,4,6,35,3,
610248,Chicago Academy Elementary School,ES,3400 N Austin Ave ,Chicago,IL,60634,5,1,4,0,3,2,0,0,3,3,6,5,6,33,3,
609803,James G Blaine Elementary School,ES,1420 W Grace St ,Chicago,IL,60613,5,1,5,0,4,4,0,0,2,2,6,5,6,35,3,
609820,Augustus H Burley Elementary School,ES,1630 W Barry Ave ,Chicago,IL,60657,5,1,5,0,4,4,0,0,4,3,6,5,5,37,3,
610157,Sidney Sawyer Elementary School,ES,5248 S Sawyer Ave ,Chicago,IL,60632,1,1,3,2,3,2,2,2,3,3,6,5,6,34,3,
610104,William J Onahan Elementary School,ES,6634 W Raven St ,Chicago,IL,60631,5,1,4,3,2,2,2,2,3,2,5,5,6,37,3,
610499,Collins Academy High School,HS,1313 S Sacramento Dr ,Chicago,IL,60623,1,1,4,3,3,3,3,3,4,4,1,5,6,36,3,
609679,Charles Allen Prosser Career Academy High School,HS,2148 N Long Ave ,Chicago,IL,60639,1,1,3,3,3,3,2,3,2,2,6,5,4,33,3,
610515,Disney II Magnet School,ES,3815 N Kedvale Ave ,Chicago,IL,60641,5,1,0,5,0,0,4,3,4,4,7,5,6,39,3,
609735,Edward Tilden Career Community Academy High School,HS,4747 S Union Ave ,Chicago,IL,60609,1,1,2,3,3,2,3,2,3,3,8,5,5,36,3,
610263,John Foster Dulles Elementary School,ES,6311 S Calumet Ave ,Chicago,IL,60637,1,1,3,2,3,3,2,2,3,4,4,4,7,35,3,
609906,Robert Emmet Elementary School,ES,5500 W Madison St ,Chicago,IL,60644,1,1,2,0,4,4,0,0,3,4,9,4,4,32,3,
609993,Agustin Lara Elementary Academy,ES,4619 S Wolcott Ave ,Chicago,IL,60609,1,1,3,3,3,2,4,3,3,4,5,5,5,37,3,
609894,John B Drake Elementary School,ES,2722 S King Dr ,Chicago,IL,60616,1,1,3,2,3,3,3,1,3,3,3,4,5,31,3,
610002,Thomas Hoyne Elementary School,ES,8905 S Crandon Ave ,Chicago,IL,60617,1,1,4,4,4,4,4,4,0,0,4,5,5,35,3,
609791,Perkins Bass Elementary School,ES,1140 W 66th St ,Chicago,IL,60621,1,1,2,3,3,3,3,3,3,3,2,4,6,33,3,
609800,Frank I Bennett Elementary School,ES,10115 S Prairie Ave ,Chicago,IL,60628,1,1,3,3,3,4,3,3,3,2,2,5,5,33,3,
609943,Samuel Gompers Fine Arts Options Elementary School,ES,12302 S State St ,Chicago,IL,60628,1,1,2,3,3,3,3,3,3,3,3,3,6,34,3,
609976,Stephen K Hayt Elementary School,ES,1518 W Granville Ave ,Chicago,IL,60660,1,1,4,4,3,3,3,4,0,0,5,3,6,34,3,
609988,Patrick Henry Elementary School,ES,4250 N Saint Louis Ave ,Chicago,IL,60618,1,1,3,3,3,3,4,3,3,3,5,5,5,37,3,
609935,Matthew Gallistel Elementary Language Academy,ES,10347 S Ewing Ave ,Chicago,IL,60617,1,1,3,3,2,2,3,3,3,2,5,5,6,34,3,
610357,Spry Community Links High School,HS,2400 S Marshall Blvd ,Chicago,IL,60623,1,1,4,0,5,5,0,0,4,3,5,5,5,33,3,
609916,Enrico Fermi Elementary School,ES,1415 E 70th St ,Chicago,IL,60637,1,1,2,3,4,4,3,3,0,0,9,1,5,35,3,
609918,Eugene Field Elementary School,ES,7019 N Ashland Ave ,Chicago,IL,60626,1,1,3,2,3,2,2,1,2,3,6,5,6,32,3,
610201,Ole A Thorp Elementary Scholastic Academy,ES,6024 W Warwick Ave ,Chicago,IL,60634,1,1,4,4,3,3,3,3,3,3,6,4,5,39,3,
609873,Crown Community Academy of Fine Arts Center Elementary School,ES,2128 S Saint Louis Ave ,Chicago,IL,60623,1,1,2,2,3,3,3,2,3,3,2,1,6,31,3,
610015,Joseph Jungman Elementary School,ES,1746 S Miller St ,Chicago,IL,60608,1,1,2,2,3,3,2,3,3,3,6,5,6,35,3,
610163,Frederick Stock Elementary School,ES,7507 W Birchwood Ave ,Chicago,IL,60631,0,1,0,5,0,0,5,5,4,4,2,5,5,31,3,
610024,Lazaro Cardenas Elementary School,ES,2345 S Millard Ave ,Chicago,IL,60623,1,1,0,3,0,0,4,3,3,4,6,5,8,33,3,
610098,Alfred Nobel Elementary School,ES,4127 W Hirsch St ,Chicago,IL,60651,1,1,2,2,2,2,3,2,3,3,4,5,5,30,3,
610012,Edward Jenner Elementary Academy of the Arts,ES,1119 N Cleveland Ave ,Chicago,IL,60610,1,1,3,2,4,3,2,2,3,3,8,5,4,36,3,
610541,Federico Garcia Lorca Elementary School,ES,3231 N Springfield Ave ,Chicago,IL,60618,1,1,3,3,3,3,4,5,3,4,6,4,0,36,3,
609996,Charles N Holden Elementary School,ES,1104 W 31st St ,Chicago,IL,60608,1,1,3,3,3,2,3,3,4,3,4,5,6,36,3,
609921,Telpochcalli Elementary School,ES,2832 W 24th Blvd ,Chicago,IL,60623,1,1,3,3,1,2,5,4,4,3,5,5,4,36,3,
610091,Ronald Brown Elementary Community Academy,ES,12607 S Union Ave ,Chicago,IL,60628,1,1,2,2,3,2,3,3,3,4,3,4,6,33,3,
610102,Richard J Oglesby Elementary School,ES,7646 S Green St ,Chicago,IL,60620,1,1,3,3,3,3,3,2,2,2,4,4,6,33,3,
609740,Wells Community Academy High School,HS,936 N Ashland Ave ,Chicago,IL,60622,1,1,3,3,3,2,4,3,0,0,4,5,6,30,3,
609865,Jordan Elementary Community School,ES,7414 N Wolcott Ave ,Chicago,IL,60626,1,1,4,2,3,3,1,1,3,3,5,5,5,32,3,
610093,Jane A Neil Elementary School,ES,8555 S Michigan Ave ,Chicago,IL,60619,1,1,3,3,2,2,3,2,3,3,8,5,4,35,3,
610197,Mancel Talcott Elementary School,ES,1840 W Ohio St ,Chicago,IL,60622,1,1,4,3,3,4,3,3,3,3,5,5,6,39,3,
609806,Myra Bradwell Communications Arts & Sciences Elementary School,ES,7736 S Burnham Ave ,Chicago,IL,60649,1,1,2,2,3,3,3,3,3,4,2,2,6,33,3,
610188,Dunne Technology Academy,ES,10845 S Union Ave ,Chicago,IL,60628,1,1,3,3,4,4,3,3,3,3,4,5,6,38,3,
609792,Newton Bateman Elementary School,ES,4220 N Richmond St ,Chicago,IL,60618,1,1,3,2,3,3,2,2,3,3,6,5,6,35,3,
609875,Charles R Darwin Elementary School,ES,3116 W Belden Ave ,Chicago,IL,60647,1,1,3,3,3,2,2,3,3,4,5,4,6,36,3,
609832,Michael M Byrne Elementary School,ES,5329 S Oak Park Ave ,Chicago,IL,60638,5,1,4,4,2,2,3,3,3,2,4,3,5,38,3,
610145,Peter A Reinberg Elementary School,ES,3425 N Major Ave ,Chicago,IL,60634,1,1,4,3,2,2,4,3,3,2,5,5,5,35,3,
609895,Turner-Drew Elementary Language Academy,ES,9300 S Princeton Ave ,Chicago,IL,60620,5,1,3,3,3,3,4,4,0,0,5,5,5,36,3,
609726,Gwendolyn Brooks College Preparatory Academy High School,HS,250 E 111th St ,Chicago,IL,60628,1,1,4,0,3,3,0,0,3,3,7,5,5,30,3,
610167,William H Seward Communication Arts Academy Elementary School,ES,4600 S Hermitage Ave ,Chicago,IL,60609,1,1,3,3,2,3,4,4,3,3,5,5,5,37,3,
609985,Helen M Hefferan Elementary School,ES,4409 W Wilcox St ,Chicago,IL,60624,1,1,2,2,2,4,3,3,3,4,3,5,5,33,3,
610126,John J Pershing Elementary Humanities Magnet,ES,3113 S Rhodes Ave ,Chicago,IL,60616,5,1,0,5,0,0,4,4,0,0,5,5,6,30,3,
609903,Richard Edwards Elementary School,ES,4815 S Karlov Ave ,Chicago,IL,60632,1,1,3,3,2,3,3,3,3,3,5,5,6,36,3,
610395,Pershing West Middle School,MS,3200 S Calumet Ave ,Chicago,IL,60616,1,1,3,3,2,3,4,3,0,0,6,5,7,33,3,
610175,Beulah Shoesmith Elementary School,ES,1330 E 50th St ,Chicago,IL,60615,1,1,3,3,3,2,2,3,3,2,4,5,4,31,3,
609959,John Charles Haines Elementary School,ES,247 W 23rd Pl ,Chicago,IL,60616,1,1,2,3,2,2,3,3,2,2,8,5,6,35,3,
609977,Woodlawn Community Elementary School,ES,6657 S Kimbark Ave ,Chicago,IL,60637,1,1,4,0,5,4,0,0,4,4,3,5,4,30,3,
609912,James B Farnsworth Elementary School,ES,5414 N Linder Ave ,Chicago,IL,60630,1,1,3,4,3,2,4,3,4,3,4,5,5,37,3,
610111,John Palmer Elementary School,ES,5051 N Kenneth Ave ,Chicago,IL,60630,1,1,4,0,4,4,0,0,4,4,6,5,4,32,3,
610195,Elizabeth H Sutherland Elementary School,ES,10015 S Leavitt St ,Chicago,IL,60643,1,1,5,0,4,3,0,0,3,2,5,5,6,30,3,
609774,Louisa May Alcott Elementary School,ES,2625 N Orchard St ,Chicago,IL,60614,5,1,0,4,0,0,3,3,4,2,6,5,7,35,3,
610089,John B Murphy Elementary School,ES,3539 W Grace St ,Chicago,IL,60618,1,1,5,0,4,3,0,0,4,4,5,5,6,33,3,
610502,Marine Military Math and Science Academy ,HS,145 S Campbell Ave ,Chicago,IL,60612,1,1,3,3,2,2,3,2,4,3,1,5,5,30,3,
610194,Charles Sumner  Math & Science Community Acad Elementary School,ES,4320 W 5th Ave ,Chicago,IL,60624,1,1,3,2,3,3,2,2,3,2,3,5,6,31,3,
610090,Phillip Murray Elementary Language Academy,ES,5335 S Kenwood Ave ,Chicago,IL,60615,5,1,4,0,2,2,0,0,4,3,5,5,5,31,3,
610155,Sauganash Elementary School,ES,6040 N Kilpatrick Ave ,Chicago,IL,60646,5,1,5,0,4,4,0,0,0,0,6,5,5,30,3,
609781,Crispus Attucks Elementary School,ES,5055 S State St ,Chicago,IL,60609,1,1,3,4,4,3,5,5,0,0,5,5,3,34,3,
610300,Oliver S Westcott Elementary School,ES,409 W 80th St ,Chicago,IL,60620,1,1,2,3,3,3,3,3,2,3,2,4,4,30,3,
610003,Paul Cuffe Math-Science Technology Academy Elementary School,ES,8324 S Racine Ave ,Chicago,IL,60620,1,1,3,4,3,3,4,5,3,3,3,4,5,38,3,
610067,Francis M McKay Elementary School,ES,6901 S Fairfield Ave ,Chicago,IL,60629,1,1,2,3,2,3,4,4,3,3,3,5,5,34,3,
609920,Gerald Delgado Kanoon Elementary Magnet School,ES,2233 S Kedzie Ave ,Chicago,IL,60623,1,1,3,2,3,3,4,3,3,3,5,5,5,36,3,
609879,Charles Gates Dawes Elementary School,ES,3810 W 81st Pl ,Chicago,IL,60652,1,1,3,2,2,2,4,3,3,3,5,4,5,34,3,
610238,Carrie Jacobs Bond Elementary School,ES,7050 S May St ,Chicago,IL,60621,1,1,3,3,4,4,2,2,3,3,1,5,4,31,3,
610138,Pulaski International Academy Elmentary School,ES,2230 W McLean Ave ,Chicago,IL,60647,1,1,4,3,3,3,2,2,3,3,6,5,6,37,3,
609794,Thomas A Edison Regional Gifted Center Elementary School,ES,4929 N Sawyer Ave ,Chicago,IL,60625,5,1,5,0,4,3,0,0,4,4,6,5,6,38,3,
610347,Claremont Academy Elementary School,ES,2300 W 64th St ,Chicago,IL,60636,1,1,2,2,3,3,4,3,2,3,2,3,6,32,3,
610183,Spencer Technology Academy,ES,214 N Lavergne Ave ,Chicago,IL,60644,1,1,2,3,3,4,4,3,3,4,2,5,6,36,3,
609834,Little Village Elementary School,ES,2620 S Lawndale Ave ,Chicago,IL,60623,1,1,3,3,3,4,3,3,3,3,6,5,6,39,3,
609815,Edward A Bouchet Math & Science Academy Elementary School,ES,7355 S Jeffery Blvd ,Chicago,IL,60649,1,1,2,3,3,3,3,3,3,3,2,4,5,32,3,
609753,Chicago High School for Agricultural Sciences,HS,3857 W 111th St ,Chicago,IL,60655,1,1,5,4,3,3,3,3,3,4,2,5,5,37,3,
610041,Josephine C Locke Elementary School,ES,2828 N Oak Park Ave ,Chicago,IL,60634,1,1,3,3,3,3,3,3,3,3,5,5,5,36,3,
609812,William H Brown Elementary School,ES,54 N Hermitage Ave ,Chicago,IL,60612,1,1,2,4,3,4,4,4,2,3,2,3,4,34,3,
609724,Stephen T Mather High School,HS,5835 N Lincoln Ave ,Chicago,IL,60659,1,1,3,3,3,3,3,3,0,0,7,5,6,33,3,
610350,Robert A Black Magnet Elementary School,ES,9101 S Euclid Ave ,Chicago,IL,60619,5,1,4,0,4,3,0,0,4,2,6,5,3,32,3,
610154,Martin A Ryerson Elementary School,ES,646 N Lawndale Ave ,Chicago,IL,60624,1,1,3,2,3,3,3,2,2,3,5,2,6,34,3,
609966,Charles G Hammond Elementary School,ES,2819 W 21st Pl ,Chicago,IL,60623,1,1,3,0,3,3,0,0,2,2,5,5,5,25,2,
609835,Daniel R Cameron Elementary School,ES,1234 N Monticello Ave ,Chicago,IL,60651,1,1,3,0,3,3,0,0,2,2,2,1,6,23,2,
609818,Luther Burbank Elementary School,ES,2035 N Mobile Ave ,Chicago,IL,60639,1,1,2,0,3,2,0,0,3,3,5,5,5,25,2,
609680,Walter Payton College Preparatory High School,HS,1034 N Wells St ,Chicago,IL,60610,5,1,5,0,5,4,0,0,0,0,3,5,6,29,2,
609848,Ira F Aldridge Elementary School,ES,630 E 131st St ,Chicago,IL,60827,1,1,2,0,2,2,0,0,3,2,2,4,6,21,2,
610123,William Penn Elementary School,ES,1616 S Avers Ave ,Chicago,IL,60623,1,1,4,0,5,5,0,0,3,3,1,5,5,28,2,
609722,Manley Career Academy High School,HS,2935 W Polk St ,Chicago,IL,60612,1,1,3,2,3,2,1,2,0,0,6,5,5,26,2,
610121,Washington Irving Elementary School,ES,749 S Oakley Blvd ,Chicago,IL,60612,1,1,3,0,2,3,0,0,3,3,5,5,5,26,2,
609856,Henry Clay Elementary School,ES,13231 S Burley Ave ,Chicago,IL,60633,1,1,2,2,2,2,2,2,0,0,5,5,6,25,2,
609919,John Fiske Elementary School,ES,6145 S Ingleside Ave ,Chicago,IL,60637,1,1,1,2,2,3,3,2,3,3,2,4,1,24,2,
610244,Michele Clark Academic Prep Magnet High School,HS,5101 W Harrison St ,Chicago,IL,60644,1,1,0,0,0,0,0,0,3,2,9,5,5,21,2,
610013,Pilsen Elementary Community Academy,ES,1420 W 17th St ,Chicago,IL,60608,1,1,3,3,3,3,1,2,0,0,6,5,6,29,2,
610285,Granville T Woods Math & Science Academy Elementary School,ES,6206 S Racine Ave ,Chicago,IL,60636,1,1,2,0,3,2,0,0,3,3,1,4,5,21,2,
610381,Bronzeville Scholastic Academy High School,HS,4934 S Wabash Ave ,Chicago,IL,60615,1,1,3,2,3,3,2,1,3,2,2,5,5,28,2,
609698,William J Bogan High School,HS,3939 W 79th St ,Chicago,IL,60652,1,1,2,0,1,2,0,0,2,2,5,5,4,20,2,
609712,Emil G Hirsch Metropolitan High School,HS,7740 S Ingleside Ave ,Chicago,IL,60619,1,1,1,3,2,2,3,3,0,0,4,4,5,25,2,
610178,Theophilus Schmid Elementary School,ES,9755 S Greenwood Ave ,Chicago,IL,60628,1,1,3,0,2,3,0,0,2,3,2,3,6,23,2,
609853,Salmon P Chase Elementary School,ES,2021 N Point St ,Chicago,IL,60647,1,1,3,2,3,2,2,2,0,0,5,5,5,26,2,
609773,Louis A Agassiz Elementary School,ES,2851 N Seminary Ave ,Chicago,IL,60657,1,1,3,0,2,2,0,0,4,3,5,4,6,27,2,
610143,William C Reavis Math & Science Specialty Elementary School,ES,834 E 50th St ,Chicago,IL,60615,1,1,3,1,2,2,1,1,2,3,3,4,4,24,2,
610057,Fairfield Elementary Academy,ES,6201 S Fairfield Ave ,Chicago,IL,60629,1,1,2,2,3,2,3,2,0,0,3,4,3,22,2,
609961,Ninos Heroes Elementary Academic Center,ES,8344 S Commercial Ave ,Chicago,IL,60617,1,1,2,0,4,3,0,0,3,3,3,4,5,25,2,
610062,George B McClellan Elementary School,ES,3527 S Wallace St ,Chicago,IL,60609,1,1,3,0,2,3,0,0,3,3,3,5,6,25,2,
609777,Phillip D Armour Elementary School,ES,950 W 33rd Pl ,Chicago,IL,60608,1,1,2,0,2,1,0,0,3,3,3,5,5,21,2,
609941,Asa Philip Randolph Elementary School,ES,7316 S Hoyne Ave ,Chicago,IL,60636,1,1,1,0,3,3,0,0,2,3,2,4,5,21,2,
610087,Blair Early Childhood Center,ES,6751 W 63rd Pl ,Chicago,IL,60638,0,1,0,4,0,0,4,4,4,4,0,5,4,25,2,
609808,Alex Haley Elementary Academy,ES,11411 S Eggleston Ave ,Chicago,IL,60628,1,1,2,0,3,4,0,0,3,3,4,5,4,25,2,
610198,Douglas Taylor Elementary School,ES,9912 S Avenue H ,Chicago,IL,60617,1,1,2,0,2,1,0,0,2,2,5,5,4,20,2,
610117,Louis Pasteur Elementary School,ES,5825 S Kostner Ave ,Chicago,IL,60629,1,1,3,0,3,2,0,0,0,0,5,5,5,20,2,
609756,Marie Sklodowska Curie Metropolitan High School,HS,4959 S Archer Ave ,Chicago,IL,60632,1,1,3,2,2,3,2,2,0,0,5,5,5,26,2,
609739,George Washington High School,HS,3535 E 114th St ,Chicago,IL,60617,1,1,3,3,2,2,3,3,0,0,0,5,5,23,2,
609994,William G Hibbard Elementary School,ES,3244 W Ainslie St ,Chicago,IL,60625,1,1,0,0,0,0,0,0,3,3,6,5,6,20,2,
610391,Robert Lindblom Math & Science Academy High School,HS,6130 S Wolcott Ave ,Chicago,IL,60636,1,1,4,0,4,5,0,0,4,3,2,5,5,29,2,
610305,George Leland Elementary School,ES,5221 W Congress Pkwy ,Chicago,IL,60644,1,1,0,4,0,0,4,4,4,3,2,5,4,27,2,
609764,Benito Juarez Community Academy High School,HS,2150 S Laflin St ,Chicago,IL,60608,1,1,3,3,3,3,3,3,0,0,3,5,5,28,2,
610026,John H Kinzie Elementary School,ES,5625 S Mobile Ave ,Chicago,IL,60638,1,1,4,0,3,3,0,0,3,3,5,5,5,28,2,
609997,Oliver Wendell Holmes Elementary School,ES,955 W Garfield Blvd ,Chicago,IL,60621,1,1,2,0,2,3,0,0,3,3,7,1,2,24,2,
610368,Langston Hughes Elementary School,ES,240 W 104th St ,Chicago,IL,60628,1,1,2,3,1,2,4,3,2,4,0,4,5,28,2,
609713,Hyde Park Academy High School,HS,6220 S Stony Island Ave ,Chicago,IL,60637,1,1,2,2,2,3,2,3,0,0,0,5,4,20,2,
609723,John Marshall Metropolitan High School,HS,3250 W Adams St ,Chicago,IL,60624,1,1,3,3,3,3,3,3,0,0,4,4,5,29,2,
610291,Richard Henry Lee Elementary School,ES,6448 S Tripp Ave ,Chicago,IL,60629,1,1,3,0,3,2,0,0,0,0,5,5,5,20,2,
609883,Charles S Deneen Elementary School,ES,7240 S Wabash Ave ,Chicago,IL,60619,1,1,3,2,3,3,1,3,0,0,3,4,7,27,2,
610277,Anthony Overton Elementary School,ES,221 E 49th St ,Chicago,IL,60615,1,1,2,0,4,4,0,0,3,4,0,5,4,23,2,
610114,Francis Parkman Elementary School,ES,245 W 51st St ,Chicago,IL,60609,1,1,2,2,3,2,2,2,0,0,0,5,5,20,2,
610192,Harriet Beecher Stowe Elementary School,ES,3444 W Wabansia Ave ,Chicago,IL,60647,1,1,2,0,2,2,0,0,2,4,3,5,4,21,2,
609745,Southside Occupational Academy High School,HS,7342 S Hoyne Ave ,Chicago,IL,60636,0,1,0,3,0,0,3,4,4,4,5,5,5,29,2,
609885,Dewey Elementary Academy of Fine Arts,ES,5415 S Union Ave ,Chicago,IL,60609,1,1,3,0,3,2,0,0,3,4,0,4,5,22,2,
609819,Edmond Burke Elementary School,ES,5356 S King Dr ,Chicago,IL,60615,1,1,1,0,1,2,0,0,3,3,9,2,5,26,2,
610534,Skinner North,ES,640 W Scott St ,Chicago,IL,60610,5,1,0,0,0,0,0,0,4,3,6,5,7,26,2,
609692,Neal F Simeon Career Academy High School,HS,8147 S Vincennes Ave ,Chicago,IL,60620,1,1,3,0,2,3,0,0,0,0,8,5,4,22,2,
609695,Roald Amundsen High School,HS,5110 N Damen Ave ,Chicago,IL,60625,1,1,3,3,3,3,2,3,2,2,1,5,5,29,2,
609913,Elaine O Goodlow Elementary Magnet School,ES,2040 W 62nd St ,Chicago,IL,60636,1,1,3,3,3,3,2,2,2,2,1,4,6,29,2,
610254,Dvorak Technology Academy,ES,3615 W 16th St ,Chicago,IL,60623,1,1,3,2,4,4,1,1,0,0,4,5,5,26,2,
609676,Paul Laurence Dunbar Career Academy High School,HS,3000 S King Dr ,Chicago,IL,60616,1,1,2,3,2,2,3,3,0,0,6,5,6,29,2,
609978,Wendell Smith Elementary School,ES,744 E 103rd St ,Chicago,IL,60628,1,1,2,2,1,1,2,2,2,2,2,2,4,22,2,
610043,Joseph Lovett Elementary School,ES,6333 W Bloomingdale Ave ,Chicago,IL,60639,1,1,3,0,2,2,0,0,3,2,5,5,5,24,2,
609732,Charles P Steinmetz Academic Centre High School,HS,3030 N Mobile Ave ,Chicago,IL,60634,1,1,2,2,2,2,2,2,0,0,9,4,6,29,2,
609741,Gurdon S Hubbard High School,HS,6200 S Hamlin Ave ,Chicago,IL,60629,1,1,3,0,2,2,0,0,0,0,9,5,6,24,2,
610180,John M Smyth Elementary School,ES,1059 W 13th St ,Chicago,IL,60608,1,1,2,0,3,4,0,0,2,3,2,5,3,21,2,
610234,Richard Yates Elementary School,ES,1839 N Richmond St ,Chicago,IL,60647,1,1,3,0,4,4,0,0,3,4,3,5,6,29,2,
610074,James Monroe Elementary School,ES,3651 W Schubert Ave ,Chicago,IL,60647,1,1,3,0,2,2,0,0,3,3,5,5,5,25,2,
609729,Carl Schurz High School,HS,3601 N Milwaukee Ave ,Chicago,IL,60641,1,1,3,2,2,2,2,2,0,0,1,5,6,22,2,
610208,Mildred I Lavizzo Elementary School,ES,138 W 109th St ,Chicago,IL,60628,1,1,1,2,3,3,2,2,3,3,1,4,5,27,2,
610304,Phoenix Military Academy High School,HS,145 S Campbell Ave ,Chicago,IL,60612,1,1,3,0,3,4,0,0,3,3,2,5,7,27,2,
610224,West Pullman Elementary School,ES,11941 S Parnell Ave ,Chicago,IL,60628,1,1,2,3,3,3,3,3,3,2,1,5,3,28,2,
610136,William H Prescott Elementary School,ES,1632 W Wrightwood Ave ,Chicago,IL,60614,1,1,5,0,3,2,0,0,3,3,3,3,7,28,2,
609674,Chicago Vocational Career Academy High School,HS,2100 E 87th St ,Chicago,IL,60617,1,1,2,3,2,2,2,2,0,0,8,4,4,27,2,
610187,Graeme Stewart Elementary School,ES,4525 N Kenmore Ave ,Chicago,IL,60640,1,1,3,0,3,3,0,0,3,3,5,2,6,28,2,
609830,Milton Brunson Math & Science Specialty Elementary School ,ES,932 N Central Ave ,Chicago,IL,60651,1,1,2,0,2,3,0,0,3,4,1,5,5,22,2,
610223,Daniel S Wentworth Elementary School,ES,6950 S Sangamon St ,Chicago,IL,60621,1,1,2,2,2,2,2,2,0,0,1,3,5,20,2,
610036,Leslie Lewis Elementary School,ES,1431 N Leamington Ave ,Chicago,IL,60651,1,1,2,2,2,4,2,3,2,2,1,4,5,27,2,
610205,Lyman Trumbull Elementary School,ES,5200 N Ashland Ave ,Chicago,IL,60640,1,1,3,0,3,2,0,0,3,4,4,5,5,26,2,
610229,A.N. Pritzker School,ES,2009 W Schiller St ,Chicago,IL,60622,1,1,3,0,3,4,0,0,0,0,4,4,5,21,2,
609924,Fort Dearborn Elementary School,ES,9025 S Throop St ,Chicago,IL,60620,1,1,2,0,4,4,0,0,3,3,3,5,5,26,2,
610172,William T Sherman Elementary School,ES,1000 W 52nd St ,Chicago,IL,60609,1,1,2,0,3,3,0,0,3,3,2,1,5,23,2,
609795,George Rogers Clark Elementary School,ES,1045 S Monitor Ave ,Chicago,IL,60644,1,1,2,0,2,2,0,0,3,3,3,5,6,23,2,
610146,Paul Revere Elementary School,ES,1010 E 72nd St ,Chicago,IL,60619,1,1,2,0,3,3,0,0,3,3,2,4,4,22,2,
609898,John F Eberhart Elementary School,ES,3400 W 65th Pl ,Chicago,IL,60629,1,1,3,3,2,2,3,2,0,0,5,5,5,27,2,
609780,Ames Middle School,MS,1920 N Hamlin Ave ,Chicago,IL,60647,1,1,2,1,2,2,2,2,3,3,4,5,6,29,2,
610020,Francis Scott Key Elementary School,ES,517 N Parkside Ave ,Chicago,IL,60644,1,1,2,0,3,4,0,0,2,2,1,4,4,20,2,
610037,Arthur A Libby Elementary School,ES,5300 S Loomis Blvd ,Chicago,IL,60609,1,1,2,0,4,4,0,0,3,3,0,5,5,23,2,
610390,Hyman G Rickover Naval Academy High School,HS,5900 N Glenwood Ave ,Chicago,IL,60660,1,1,4,0,4,3,0,0,3,3,2,5,5,26,2,
610044,James Russell Lowell Elementary School,ES,3320 W Hirsch St ,Chicago,IL,60651,1,1,2,0,2,3,0,0,2,3,3,5,5,22,2,
609900,George W Curtis Elementary School,ES,32 E 115th St ,Chicago,IL,60628,1,1,2,0,3,3,0,0,4,4,3,5,8,29,2,
610179,Washington D Smyser Elementary School,ES,4310 N Melvina Ave ,Chicago,IL,60634,1,1,3,0,3,3,0,0,0,0,5,5,7,23,2,
610252,Robert Nathaniel Dett Elementary School,ES,2306 W Maypole Ave ,Chicago,IL,60612,1,1,3,0,3,4,0,0,3,4,4,5,4,27,2,
609768,Hope College Preparatory High School,HS,5515 S Lowe Ave ,Chicago,IL,60621,1,1,2,3,2,3,3,2,0,0,2,5,4,23,2,
610022,Joyce Kilmer Elementary School,ES,6700 N Greenview Ave ,Chicago,IL,60626,1,1,0,3,0,0,3,3,3,3,6,5,6,29,2,
609761,George H Corliss High School,HS,821 E 103rd St ,Chicago,IL,60628,1,1,2,3,3,3,3,3,0,0,1,5,5,25,2,
610086,Mount Vernon Elementary School,ES,10540 S Morgan St ,Chicago,IL,60643,1,1,2,2,3,3,1,1,3,3,3,2,4,27,2,
610017,Maria Saucedo Elementary Scholastic Academy,ES,2850 W 24th Blvd ,Chicago,IL,60623,1,1,4,0,3,4,0,0,2,2,6,5,6,29,2,
610077,Donald Morrill Math & Science Elementary School,ES,6011 S Rockwell St ,Chicago,IL,60629,1,1,2,2,2,2,2,2,2,3,3,5,4,26,2,
609850,Horace Greeley Elementary School,ES,832 W Sheridan Rd ,Chicago,IL,60613,1,1,4,0,3,2,0,0,3,3,5,5,6,28,2,
609809,Lorenz Brentano Math & Science Academy Elementary School,ES,2723 N Fairfield Ave ,Chicago,IL,60647,1,1,3,3,3,3,2,2,0,0,4,5,7,29,2,
609813,Charles S Brownell Elementary School,ES,6741 S Michigan Ave ,Chicago,IL,60637,1,1,2,1,4,5,2,1,3,2,2,5,5,29,2,
610193,William K New Sullivan Elementary School,ES,8331 S Mackinaw ,Chicago,IL,60617,1,1,2,3,2,3,3,2,3,4,0,4,4,28,2,
609968,Sharon Christa McAuliffe Elementary School,ES,1841 N Springfield Ave ,Chicago,IL,60647,1,5,0,0,0,0,0,0,3,4,3,5,5,21,2,
609727,Wendell Phillips Academy High School,HS,244 E Pershing Rd ,Chicago,IL,60653,1,1,0,4,0,0,5,4,0,0,3,5,6,24,2,
609933,Stephen F Gale Elementary Community Academy,ES,1631 W Jonquil Ter ,Chicago,IL,60626,1,1,2,2,2,2,2,2,2,2,2,4,5,25,2,
610142,William H Ray Elementary School,ES,5631 S Kimbark Ave ,Chicago,IL,60637,5,1,4,0,2,1,0,0,3,2,5,5,4,27,2,
610158,Harriet E Sayre Elementary Language Academy,ES,1850 N Newland Ave ,Chicago,IL,60707,1,1,4,0,3,3,0,0,2,3,6,5,6,29,2,
610134,Nathaniel Pope Elementary School,ES,1852 S Albany Ave ,Chicago,IL,60623,1,1,3,0,4,5,0,0,0,0,1,3,5,20,2,
610518,VOISE Academy High School,HS,231 N Pine Ave ,Chicago,IL,60644,1,1,3,0,3,3,0,0,0,0,4,5,6,21,2,
609979,Robert Healy Elementary School,ES,3010 S Parnell Ave ,Chicago,IL,60616,1,1,4,0,3,2,0,0,0,0,6,5,7,24,2,
610210,Alexander von Humboldt Elementary School,ES,2620 W Hirsch St ,Chicago,IL,60622,1,1,2,0,2,3,0,0,2,2,2,1,6,21,2,
609833,Charles P Caldwell Academy of Math & Science Elementary School,ES,8546 S Cregier ,Chicago,IL,60617,1,1,2,2,3,3,2,2,2,3,2,4,4,27,2,
609904,Edward K Ellington Elementary School,ES,243 N Parkside Ave ,Chicago,IL,60644,1,1,2,0,2,3,0,0,3,3,3,5,7,25,2,
610094,Louis Nettelhorst Elementary School,ES,3252 N Broadway St ,Chicago,IL,60657,5,1,3,0,2,2,0,0,0,0,5,5,5,23,2,
610276,Irvin C Mollison Elementary School,ES,4415 S Dr Martin L King Jr Dr ,Chicago,IL,60653,1,1,3,0,3,2,0,0,3,3,1,4,4,21,2,
610402,DeVry University Advantage Academy High School,HS,3300 N Campbell ,Chicago,IL,60618,1,1,0,0,0,0,0,0,4,4,6,5,4,20,2,
610185,Adlai E Stevenson Elementary School,ES,8010 S Kostner Ave ,Chicago,IL,60652,1,1,4,0,3,2,0,0,3,2,5,5,4,25,2,
610177,Mark Skinner Elementary School,ES,1260 W Adams St ,Chicago,IL,60607,5,1,5,0,3,3,0,0,0,0,7,5,4,28,2,
610241,Guglielmo Marconi Elementary Community Academy,ES,230 N Kolmar Ave ,Chicago,IL,60624,1,1,2,0,4,4,0,0,3,3,1,3,6,25,2,
609711,William Rainey Harper High School,HS,6520 S Wood St ,Chicago,IL,60636,1,1,2,2,2,3,2,2,3,3,3,3,4,28,2,
610542,West Ridge Elementary School,ES,6700 N Whipple St ,Chicago,IL,60645,1,1,4,0,3,2,0,0,2,4,4,5,0,21,2,
610130,John T Pirie Fine Arts & Academic Center Elementary School,ES,650 E 85th St ,Chicago,IL,60619,1,1,2,3,4,4,3,3,0,0,3,5,5,29,2,
610112,Francis W Parker Elementary Community Academy,ES,6800 S Stewart Ave ,Chicago,IL,60621,1,1,2,0,3,3,0,0,3,3,1,4,4,21,2,
610171,Arnold Mireles Elementary Academy,ES,9000 S Exchange Ave ,Chicago,IL,60617,1,1,2,0,3,3,0,0,3,3,2,5,5,23,2,
609887,Arthur Dixon Elementary School,ES,8306 S Saint Lawrence Ave ,Chicago,IL,60619,1,1,3,0,3,3,0,0,0,0,4,4,5,20,2,
610137,Ernst Prussing Elementary School,ES,4650 N Menard Ave ,Chicago,IL,60630,1,1,4,0,3,3,0,0,2,2,5,5,6,27,2,
609927,Foster Park Elementary School,ES,8530 S Wood St ,Chicago,IL,60620,1,1,1,3,2,2,3,3,2,3,3,4,4,28,2,
610228,John Greenleaf Whittier Elementary School,ES,1900 W 23rd St ,Chicago,IL,60608,1,1,4,0,3,2,0,0,0,0,4,5,6,21,2,
610345,Carter G Woodson South Elementary School,ES,4414 S Evans ,Chicago,IL,60653,1,1,2,2,1,1,2,3,2,3,1,3,4,23,2,
609709,Gage Park High School,HS,5630 S Rockwell St ,Chicago,IL,60629,1,1,1,3,2,2,2,2,0,0,2,5,4,20,2,
609788,Alice L Barnard Computer Math & Science Center Elementary School,ES,10354 S Charles St ,Chicago,IL,60643,1,1,3,0,2,3,0,0,4,3,5,4,5,27,2,
609908,Esmond Elementary School,ES,1865 W Montvale ,Chicago,IL,60643,1,1,2,0,3,3,0,0,3,3,2,4,5,23,2,
610362,Medgar Evers Elementary School,ES,9811 S Lowe Ave ,Chicago,IL,60628,1,1,2,0,2,3,0,0,4,4,4,5,6,27,2,
609844,William W Carter Elementary School,ES,5740 S Michigan Ave ,Chicago,IL,60637,1,1,1,3,2,2,3,4,2,2,1,4,5,27,2,
610139,George M Pullman Elementary School,ES,11311 S Forrestville Ave ,Chicago,IL,60628,1,1,3,0,4,4,0,0,3,3,3,5,6,28,2,
610339,Amos Alonzo Stagg Elementary School,ES,7424 S Morgan St ,Chicago,IL,60621,1,1,2,2,2,3,2,3,2,3,1,4,5,27,2,
609734,William Howard Taft High School,HS,6530 W Bryn Mawr Ave ,Chicago,IL,60631,1,1,4,0,2,2,0,0,0,0,9,5,6,25,2,
609796,Jean Baptiste Beaubien Elementary School,ES,5025 N Laramie Ave ,Chicago,IL,60630,5,1,4,0,3,3,0,0,0,0,5,5,6,27,2,
609952,Nathanael Greene Elementary School,ES,3525 S Honore ,Chicago,IL,60609,1,5,0,0,0,0,0,0,3,4,5,5,6,24,2,
610141,Ravenswood Elementary School,ES,4332 N Paulina St ,Chicago,IL,60613,1,1,3,0,3,3,0,0,3,2,4,5,5,25,2,
610189,Joseph Stockton Elementary School,ES,4420 N Beacon St ,Chicago,IL,60640,1,1,2,0,3,4,0,0,0,0,4,5,5,20,2,
610076,Bernhard Moos Elementary School,ES,1711 N California Ave ,Chicago,IL,60647,1,1,3,2,3,2,2,2,0,0,3,4,6,25,2,
610282,Ronald E McNair Elementary School,ES,4820 W Walton St ,Chicago,IL,60651,1,1,2,2,3,3,2,2,3,3,0,3,6,28,2,
610369,Mahalia Jackson Elementary School,ES,917 W 88th St ,Chicago,IL,60620,1,1,2,0,3,4,0,0,2,3,2,4,4,22,2,
609691,North-Grand High School,HS,4338 W Wabansia Ave ,Chicago,IL,60639,1,1,3,0,2,2,0,0,0,0,8,5,5,22,2,
610165,Franz Peter Schubert Elementary School,ES,2727 N Long Ave ,Chicago,IL,60639,1,1,0,2,0,0,2,2,3,3,5,5,7,26,2,
610266,Dumas Technology Academy,ES,6650 S Ellis Ave ,Chicago,IL,60637,1,1,1,0,2,3,0,0,3,3,2,4,5,21,2,
610092,Henry H Nash Elementary School,ES,4837 W Erie St ,Chicago,IL,60644,1,1,3,0,4,4,0,0,0,0,5,4,5,23,2,
610055,Michael Faraday Elementary School,ES,3250 W Monroe St ,Chicago,IL,60624,1,1,2,0,4,4,0,0,3,3,3,4,4,25,2,
609702,Richard T Crane Technical Preparatory High School,HS,2245 W Jackson Blvd ,Chicago,IL,60612,1,1,3,0,3,3,0,0,3,2,7,5,3,26,2,
609986,Charles R Henderson Elementary School,ES,5650 S Wolcott Ave ,Chicago,IL,60636,1,1,1,0,2,2,0,0,2,2,9,2,3,23,2,
610253,Julia C Lathrop Elementary School,ES,1440 S Christiana Ave ,Chicago,IL,60623,1,1,4,0,3,2,0,0,2,3,0,1,5,21,2,
610159,Jonathan Y Scammon Elementary School,ES,4201 W Henderson St ,Chicago,IL,60641,1,1,3,0,2,2,0,0,3,2,5,5,5,24,2,
610082,Mount Greenwood Elementary School,ES,10841 S Homan Ave ,Chicago,IL,60655,5,1,5,0,3,2,0,0,0,0,6,5,6,28,2,
610237,Ludwig Van Beethoven Elementary School,ES,25 W 47th St ,Chicago,IL,60609,1,1,3,0,3,3,0,0,2,3,3,5,4,23,2,
610312,Mary E McDowell Elementary School,ES,1419 E 89th St ,Chicago,IL,60619,1,1,0,3,0,0,4,3,0,0,5,5,6,23,2,
609746,Kenwood Academy High School,HS,5015 S Blackstone Ave ,Chicago,IL,60615,1,1,4,0,3,3,0,0,0,0,8,5,5,25,2,
609682,Ellen H Richards Career Academy High School,HS,5009 S Laflin St ,Chicago,IL,60609,1,1,2,2,2,1,3,2,2,3,0,5,5,24,2,
610264,Walter Reed Elementary School,ES,6350 S Stewart Ave ,Chicago,IL,60621,1,1,2,0,4,4,0,0,3,3,2,2,3,23,2,
609797,Jacob Beidler Elementary School,ES,3151 W Walnut St ,Chicago,IL,60612,1,1,4,0,4,3,0,0,0,0,5,5,6,24,2,
609759,Roberto Clemente Community Academy High School,HS,1147 N Western Ave ,Chicago,IL,60622,1,1,3,2,2,2,2,2,0,0,9,5,4,28,2,
609855,Walter S Christopher Elementary School,ES,5042 S Artesian Ave ,Chicago,IL,60632,1,1,0,3,0,0,4,4,3,3,6,5,4,29,2,
610284,New Field Elementary School,ES,1707 W Morse Ave ,Chicago,IL,60626,1,1,0,0,0,0,0,0,3,4,6,5,5,20,2,
610348,Nathan R Goldblatt Elementary School,ES,4257 W Adams St ,Chicago,IL,60624,1,1,3,0,5,5,0,0,3,4,2,3,5,29,2,
610227,Eli Whitney Elementary School,ES,2815 S Komensky Ave ,Chicago,IL,60623,1,5,3,0,3,3,0,0,0,0,5,5,5,25,2,
610088,Wolfgang A Mozart Elementary School,ES,2200 N Hamlin Ave ,Chicago,IL,60647,1,1,3,0,3,2,0,0,3,4,5,5,6,28,2,
610052,Horace Mann Elementary School,ES,8050 S Chappel Ave ,Chicago,IL,60617,1,1,2,2,2,2,2,2,2,2,2,4,4,24,2,
609897,Charles W Earle Elementary School,ES,6121 S Hermitage Ave ,Chicago,IL,60636,1,1,2,0,4,4,0,0,3,3,3,5,4,25,2,
610068,Hanson Park Elementary School,ES,5411 W Fullerton Ave ,Chicago,IL,60639,1,1,2,0,2,2,0,0,3,3,5,5,4,23,2,
610156,Louis Armstrong Math & Science Elementary School,ES,5345 W Congress Pkwy ,Chicago,IL,60644,1,1,3,0,3,4,0,0,4,3,2,2,7,28,2,
610246,Edward Beasley Elementary Magnet Academic Center,ES,5255 S State St ,Chicago,IL,60609,5,1,3,0,2,3,0,0,2,2,5,5,4,27,2,
609678,William Jones College Preparatory High School,HS,606 S State St ,Chicago,IL,60605,5,1,5,0,4,4,0,0,0,0,3,5,5,27,2,
610045,Robert H Lawrence Elementary School,ES,9928 S Crandon Ave ,Chicago,IL,60617,1,1,1,2,3,3,2,2,0,0,0,5,5,20,2,
610290,Benjamin E Mays Elementary Academy,ES,838 W Marquette Rd ,Chicago,IL,60621,1,1,2,2,3,3,3,2,0,0,5,5,6,28,2,
610032,Wendell E Green Elementary School,ES,1150 W 96th St ,Chicago,IL,60643,1,1,2,0,3,3,0,0,3,3,3,5,5,24,2,
610097,William P Nixon Elementary School,ES,2121 N Keeler Ave ,Chicago,IL,60639,1,1,3,0,4,4,0,0,2,3,5,5,5,28,2,
609839,Carroll-Rosenwald Specialty Elementary School,ES,2929 W 83rd St ,Chicago,IL,60652,1,1,2,0,1,1,0,0,3,3,4,4,5,21,2,
609775,John P Altgeld Elementary School,ES,1340 W 71st St ,Chicago,IL,60636,1,1,3,2,4,3,2,2,2,3,1,4,5,29,2,
609975,John Hay Elementary Community Academy,ES,1018 N Laramie Ave ,Chicago,IL,60651,1,1,3,0,3,4,0,0,3,4,2,4,7,28,2,
609762,Percy L Julian High School,HS,10330 S Elizabeth St ,Chicago,IL,60643,1,1,2,3,2,2,3,3,0,0,4,4,4,25,2,
610173,Jesse Sherwood Elementary School,ES,245 W 57th St ,Chicago,IL,60621,1,1,2,0,3,3,0,0,3,4,2,5,5,24,2,
610150,Betsy Ross Elementary School,ES,6059 S Wabash Ave ,Chicago,IL,60637,1,1,2,0,3,3,0,0,2,2,8,3,3,25,2,
610005,Charles Evans Hughes Elementary School,ES,4247 W 15th St ,Chicago,IL,60623,1,1,3,0,5,4,0,0,0,0,4,5,4,22,2,
610202,George W Tilton Elementary School,ES,223 N Keeler Ave ,Chicago,IL,60624,1,1,1,2,2,3,2,3,3,3,1,3,5,27,2,
610072,Garrett A Morgan Elementary School,ES,8407 S Kerfoot Ave ,Chicago,IL,60620,1,1,2,2,3,3,3,2,3,2,2,5,4,28,2,
610135,Portage Park Elementary School,ES,5330 W Berteau Ave ,Chicago,IL,60641,1,1,4,0,3,2,0,0,3,3,4,5,5,26,2,
609987,Thomas A Hendricks Elementary Community Academy,ES,4316 S Princeton Ave ,Chicago,IL,60609,1,1,2,0,4,4,0,0,3,3,1,3,5,24,2,
610029,Rodolfo Lozano Bilingual & International Center Elementary School,ES,1501 N Greenview Ave ,Chicago,IL,60622,1,1,3,0,2,2,0,0,2,3,4,5,6,24,2,
610325,Logandale Middle School,MS,3212 W George St ,Chicago,IL,60618,1,1,3,0,2,2,0,0,3,3,5,5,5,25,2,
610250,Rueben Salazar Elementary Bilingual Center,ES,160 W Wendell St ,Chicago,IL,60610,1,1,4,0,3,3,0,0,3,3,5,4,5,28,2,
610161,Arna Wendell Bontemps Elementary School,ES,1241 W 58th St ,Chicago,IL,60636,1,1,2,0,3,3,0,0,3,3,4,4,5,25,2,
609807,Lionel Hampton Fine & Performing Arts Elementary School,ES,3434 W 77th St ,Chicago,IL,60652,1,1,3,0,2,2,0,0,2,3,5,2,6,25,2,
609947,Alexander Graham Elementary School,ES,4436 S Union Ave ,Chicago,IL,60609,1,1,3,2,2,2,2,3,3,3,2,4,5,29,2,
610245,Frederick A Douglass Academy High School,HS,543 N Waller Ave ,Chicago,IL,60644,1,1,3,0,2,2,0,0,3,2,9,4,4,27,2,
610218,Joseph Warren Elementary School,ES,9239 S Jeffery Ave ,Chicago,IL,60617,1,1,2,3,3,3,0,0,2,3,5,5,5,28,2,
609786,Avalon Park Elementary School,ES,8045 S Kenwood Ave ,Chicago,IL,60619,1,1,2,2,2,2,2,1,2,2,2,3,6,25,2,
610273,Ignance Paderewski Elementary Learning Academy,ES,2221 S Lawndale Ave ,Chicago,IL,60623,1,1,2,0,4,5,0,0,2,3,2,5,5,25,2,
610152,Martha Ruggles Elementary School,ES,7831 S Prairie Ave ,Chicago,IL,60619,1,1,3,0,2,3,0,0,3,2,3,4,6,24,2,
609949,William P Gray Elementary School,ES,3730 N Laramie Ave ,Chicago,IL,60641,1,1,3,0,3,2,0,0,3,3,5,5,5,26,2,
610364,William E B Dubois Elementary School,ES,330 E 133rd St ,Chicago,IL,60827,1,1,3,0,2,3,0,0,3,2,3,4,4,22,2,
609705,Christian Fenger Academy High School,HS,11220 S Wallace St ,Chicago,IL,60628,1,1,2,2,3,2,3,3,0,0,4,4,5,26,2,
610160,Songhai Elementary Learning Institute,ES,11725 S Perry Ave ,Chicago,IL,60628,1,1,1,0,3,3,0,0,2,2,9,2,5,27,2,
610396,Tarkington School of Excellence Elementary School,ES,3330 W 71st St ,Chicago,IL,60629,1,1,3,0,2,3,0,0,3,4,5,5,6,28,2,
610040,Henry D Lloyd Elementary School,ES,2103 N Lamon Ave ,Chicago,IL,60639,1,1,0,0,0,0,0,0,3,3,6,5,7,21,2,
609704,David G Farragut Career Academy High School,HS,2345 S Christiana Ave ,Chicago,IL,60623,1,1,3,0,3,2,0,0,0,0,6,5,5,21,2,
610127,Mary Gage Peterson Elementary School,ES,5510 N Christiana Ave ,Chicago,IL,60625,1,1,4,0,3,3,0,0,3,3,5,5,6,29,2,
609869,Anna R. Langford Community Academy,ES,6010 S Throop St ,Chicago,IL,60636,1,1,2,2,3,2,3,3,3,3,1,4,5,29,2,
610317,Brighton Park Elementary School,ES,3825 S Washtenaw Ave ,Chicago,IL,60632,1,1,3,0,3,3,0,0,0,0,6,5,5,22,2,
610144,Frank W Reilly Elementary School,ES,3650 W School St ,Chicago,IL,60618,1,1,3,0,2,2,0,0,3,3,7,5,6,28,2,
610235,Ella Flagg Young Elementary School,ES,1434 N Parkside Ave ,Chicago,IL,60651,1,1,2,0,3,3,0,0,2,3,4,5,5,24,2,
610329,Orozco Fine Arts & Sciences Elementary School,ES,1940 W 18th St ,Chicago,IL,60608,1,1,3,0,2,3,0,0,3,3,7,5,6,29,2,
610320,Ana Roque de Duprey Elementary School,ES,2620 W Hirsch St ,Chicago,IL,60622,1,5,3,0,1,1,0,0,3,4,5,2,5,28,2,
610524,Alcott High School for the Humanities,HS,2957 N Hoyne Ave ,Chicago,IL,60618,0,1,4,0,4,3,0,0,4,2,2,5,6,26,2,
609827,Burnside Elementary Scholastic Academy,ES,650 E 91st Pl ,Chicago,IL,60619,1,1,3,0,3,4,0,0,3,3,4,5,4,26,2,
610532,Irene C. Hernandez Middle School for the Advancement of Science,MS,3510 W 55th St ,Chicago,IL,60632,1,1,2,2,2,2,2,2,0,0,5,5,6,25,2,
609983,James Hedges Elementary School,ES,4747 S Winchester Ave ,Chicago,IL,60609,1,1,2,0,2,2,0,0,2,2,5,4,6,23,2,
610018,Miriam G Canter Middle School,MS,4959 S Blackstone Ave ,Chicago,IL,60615,1,1,3,3,2,2,4,4,0,0,1,5,5,26,2,
610108,Luke O'Toole Elementary School,ES,6550 S Seeley Ave ,Chicago,IL,60636,1,1,1,0,2,3,0,0,2,3,9,4,4,26,2,
610340,Chicago Academy High School,HS,3400 N Austin Ave ,Chicago,IL,60634,1,1,3,2,3,3,3,3,0,0,3,5,6,28,2,
610203,Enrico Tonti Elementary School,ES,5815 S Homan Ave ,Chicago,IL,60629,1,1,0,3,0,0,3,3,3,3,5,5,7,29,2,
609810,Norman A Bridge Elementary School,ES,3800 N New England Ave ,Chicago,IL,60634,1,1,4,0,3,2,0,0,3,3,5,5,6,28,2,
610048,George Manierre Elementary School,ES,1420 N Hudson Ave ,Chicago,IL,60610,1,1,3,0,3,3,0,0,2,2,1,4,4,20,2,
610293,Genevieve Melody Elementary School,ES,412 S Keeler Ave ,Chicago,IL,60624,1,1,4,0,4,4,0,0,0,0,2,4,6,22,2,
610131,Ambrose Plamondon Elementary School,ES,2642 W 15th Pl ,Chicago,IL,60608,1,1,3,0,2,2,0,0,2,2,6,5,6,25,2,
610059,Oscar F Mayer Elementary School,ES,2250 N Clifton Ave ,Chicago,IL,60614,1,1,4,0,2,3,0,0,0,0,5,5,5,21,2,
610240,Matthew A Henson Elementary School,ES,1326 S Avers Ave ,Chicago,IL,60623,1,1,2,0,2,2,0,0,4,4,0,5,5,21,2,
610124,Harold Washington Elementary School,ES,9130 S University Ave ,Chicago,IL,60619,1,1,2,0,3,4,0,0,3,3,6,5,6,29,2,
609859,DeWitt Clinton Elementary School,ES,6110 N Fairfield Ave ,Chicago,IL,60659,1,1,3,3,3,3,3,2,0,0,5,5,5,29,2,
609909,Edward Everett Elementary School,ES,3419 S Bell Ave ,Chicago,IL,60608,1,1,0,4,0,0,3,3,0,0,5,5,7,24,2,
610323,New Millennium High School of Health at Bowen,HS,2710 E 89th St ,Chicago,IL,60617,1,1,1,2,2,2,2,1,0,0,5,3,4,21,2,
609964,John H Hamline Elementary School,ES,4747 S Bishop St ,Chicago,IL,60609,1,1,2,2,2,3,1,2,2,3,4,5,5,28,2,
609876,Nathan S Davis Elementary School,ES,3014 W 39th Pl ,Chicago,IL,60632,1,1,3,0,3,3,0,0,3,3,5,5,5,27,2,
609733,Roger C Sullivan High School,HS,6631 N Bosworth Ave ,Chicago,IL,60626,1,1,2,3,2,2,3,2,2,2,1,5,5,26,2,
609907,Leif Ericson Elementary Scholastic Academy,ES,3600 W 5th Ave ,Chicago,IL,60624,1,1,2,0,3,3,0,0,2,2,4,5,5,23,2,
610100,West Park Elementary Academy,ES,1425 N Tripp Ave ,Chicago,IL,60651,1,1,2,0,2,3,0,0,2,3,3,5,6,23,2,
610315,Edward White Elementary Career Academy,ES,1136 W 122nd St ,Chicago,IL,60643,1,1,2,0,3,3,0,0,3,2,3,4,6,24,2,
610028,Alfred David Kohn Elementary School,ES,10414 S State St ,Chicago,IL,60628,1,1,1,2,2,1,2,1,3,2,0,4,4,20,2,
610010,Friedrich Ludwig Jahn Elementary School,ES,3149 N Wolcott Ave ,Chicago,IL,60657,1,1,4,0,4,3,0,0,3,2,4,5,4,26,2,
609718,John F Kennedy High School,HS,6325 W 56th St ,Chicago,IL,60638,1,1,3,2,2,2,2,2,0,0,3,5,4,22,2,
610046,Mary Lyon Elementary School,ES,2941 N McVicker Ave ,Chicago,IL,60634,1,1,3,0,3,2,0,0,2,3,5,5,7,27,2,
609716,Kelvyn Park High School,HS,4343 W Wrightwood Ave ,Chicago,IL,60639,1,1,2,2,2,2,1,3,0,0,4,5,4,22,2,
610027,Rudyard Kipling Elementary School,ES,9351 S Lowe Ave ,Chicago,IL,60620,1,1,3,0,3,3,0,0,3,3,4,5,6,27,2,
610128,Marcus Moziah Garvey Elementary School,ES,10309 S Morgan St ,Chicago,IL,60643,1,1,3,0,3,3,0,0,3,3,4,5,6,27,2,
610122,Helen Peirce International Studies Elementary School,ES,1423 W Bryn Mawr Ave ,Chicago,IL,60660,1,1,3,0,2,2,0,0,3,3,6,5,5,26,2,
610336,Williams Preparatory Academy Middle School,MS,2710 S Dearborn St ,Chicago,IL,60616,1,1,3,0,3,3,0,0,3,4,3,5,2,23,2,
610384,Infinity Math Science and Technology High School,HS,3120 S Kostner Ave ,Chicago,IL,60623,1,1,3,0,4,4,0,0,3,3,2,5,6,27,2,
610521,Sir Miles Davis Magnet Elementary Academy,ES,6730 S Paulina St ,Chicago,IL,60636,1,1,2,0,3,3,0,0,0,0,3,3,4,17,1,
610200,James N Thorp Elementary School,ES,8914 S Buffalo Ave ,Chicago,IL,60617,1,1,2,0,2,2,0,0,0,0,1,4,5,14,1,
610226,Socorro Sandoval Elementary School,ES,5534 S Saint Louis Ave ,Chicago,IL,60629,1,1,0,0,0,0,0,0,2,3,5,5,6,18,1,
610308,Wilma Rudolph Elementary Learning Center,ES,110 N Paulina St ,Chicago,IL,60612,0,1,0,0,0,0,0,0,4,4,0,5,5,14,1,
610047,James Madison Elementary School,ES,7433 S Dorchester Ave ,Chicago,IL,60619,1,1,2,0,2,2,0,0,0,0,4,5,7,19,1,
609725,Morgan Park High School,HS,1744 W Pryor Ave ,Chicago,IL,60643,1,1,3,0,2,2,0,0,0,0,4,5,4,17,1,
610501,Austin Polytechnical Academy High School,HS,231 N Pine Ave ,Chicago,IL,60644,1,1,2,0,3,3,0,0,0,0,0,5,5,15,1,
610280,Kate S Buckingham Special Education Center,ES,9207 S Phillips Ave ,Chicago,IL,60617,0,1,2,0,2,2,0,0,0,0,3,1,4,14,1,
610535,Mason High School,HS,4217 W 18th St ,Chicago,IL,60623,0,1,3,0,3,3,0,0,3,3,0,4,0,16,1,
610232,Williams Multiplex Elementary School,ES,2710 S Dearborn St ,Chicago,IL,60616,1,1,0,0,0,0,0,0,3,3,1,5,5,14,1,
610004,Countee Cullen Elementary School,ES,10650 S Eberhart Ave ,Chicago,IL,60628,1,1,1,0,2,2,0,0,0,0,4,4,6,17,1,
609928,Melville W Fuller Elementary School,ES,4214 S Saint Lawrence Ave ,Chicago,IL,60653,1,1,2,0,2,2,0,0,3,4,1,4,3,19,1,
610103,Isabelle C O'Keeffe Elementary School,ES,6940 S Merrill Ave ,Chicago,IL,60649,1,1,1,0,2,2,0,0,2,2,2,5,4,17,1,
609754,Chicago Military Academy High School,HS,3519 S Giles Ave ,Chicago,IL,60653,1,1,2,0,2,2,0,0,0,0,0,4,5,13,1,
609708,Edwin G Foreman High School,HS,3235 N LeClaire Ave ,Chicago,IL,60641,1,1,2,0,2,2,0,0,0,0,4,5,4,16,1,
610051,Northwest Middle School,MS,5252 W Palmer St ,Chicago,IL,60639,1,1,2,0,1,1,0,0,0,0,3,5,5,14,1,
609736,Dyett High School,HS,555 E 51st St ,Chicago,IL,60615,1,1,2,1,2,3,2,2,0,0,2,5,3,19,1,
610504,Velma F Thomas Early Childhood Center,ES,3625 S Hoyne Ave ,Chicago,IL,60609,0,1,0,0,0,0,0,0,4,4,0,5,5,14,1,
610279,Henry O Tanner Elementary School,ES,7350 S Evans Ave ,Chicago,IL,60619,1,1,2,0,3,3,0,0,0,0,1,4,5,16,1,
610299,William A Hinton Elementary School,ES,644 W 71st St ,Chicago,IL,60621,1,1,1,0,2,2,0,0,2,3,1,4,5,18,1,
610366,Charles H Wacker Elementary School,ES,9746 S Morgan St ,Chicago,IL,60643,1,1,2,0,2,2,0,0,3,2,3,5,3,19,1,
610530,South Shore Fine Arts Academy,ES,1415 E 70th St ,Chicago,IL,60637,1,1,0,0,0,0,0,0,4,4,3,5,6,19,1,
610133,Laura S Ward Elementary School,ES,410 N Monticello Ave ,Chicago,IL,60624,1,1,0,0,0,0,0,0,0,0,2,5,7,11,1,
610405,Suder Montessori Magnet Elementary School,ES,2022 W Washington Blvd ,Chicago,IL,60612,5,1,0,0,0,0,0,0,0,0,6,5,5,17,1,
609811,Orville T Bright Elementary School,ES,10740 S Calhoun Ave ,Chicago,IL,60617,1,1,1,0,2,2,0,0,2,2,2,3,5,18,1,
609728,Theodore Roosevelt High School,HS,3436 W Wilson Ave ,Chicago,IL,60625,1,1,3,0,3,2,0,0,0,0,2,5,6,18,1,
609760,George Washington Carver Military Academy High School,HS,13100 S Doty Ave ,Chicago,IL,60627,1,1,3,0,2,2,0,0,0,0,1,5,6,16,1,
610169,Austin O Sexton Elementary School,ES,6020 S Langley Ave ,Chicago,IL,60637,1,1,2,0,2,2,0,0,2,2,0,5,4,16,1,
610085,Near North Elementary School,ES,739 N Ada St ,Chicago,IL,60642,0,1,3,0,2,2,0,0,0,0,0,3,4,12,1,
610116,Parkside Elementary Community Academy,ES,6938 S East End Ave ,Chicago,IL,60649,1,1,0,0,0,0,0,0,2,2,9,2,4,19,1,
609707,Paul Robeson High School,HS,6835 S Normal Blvd ,Chicago,IL,60621,1,1,2,0,2,3,0,0,0,0,3,4,4,16,1,
609902,Ralph H Metcalfe Elementary Community Academy,ES,12339 S Normal Ave ,Chicago,IL,60628,1,1,0,0,0,0,0,0,3,3,4,5,5,17,1,
609930,Frederick Funston Elementary School,ES,2010 N Central Park ,Chicago,IL,60647,1,1,1,0,1,1,0,0,2,3,4,5,5,19,1,
610021,Pablo Casals Elementary School,ES,3501 W Potomac Ave ,Chicago,IL,60651,1,1,0,0,0,0,0,0,2,2,2,4,5,13,1,
609730,Nicholas Senn High School,HS,5900 N Glenwood Ave ,Chicago,IL,60660,1,1,3,0,3,3,0,0,0,0,1,4,6,18,1,
609871,Barbara Vick Early Childhood & Family Center,ES,2554 W 113th St ,Chicago,IL,60655,0,1,0,0,0,0,0,0,4,4,0,5,5,14,1,
610529,Ogden International High School,HS,1250 W Erie St ,Chicago,IL,60622,5,1,3,0,2,2,0,0,0,0,4,5,0,17,1,
610030,Charles Kozminski Elementary Community Academy,ES,936 E 54th St ,Chicago,IL,60615,1,1,2,0,2,3,0,0,2,2,2,3,4,19,1,
610106,Brian Piccolo Elementary Specialty School,ES,1040 N Keeler Ave ,Chicago,IL,60651,1,1,2,0,2,2,0,0,0,0,0,3,5,13,1,
609991,Theodore Herzl Elementary School,ES,3711 W Douglas Blvd ,Chicago,IL,60623,1,1,3,0,3,4,0,0,0,0,0,5,7,19,1,
610389,Orr Academy High School,HS,730 N Pulaski Rd ,Chicago,IL,60624,1,1,0,0,0,0,0,0,0,0,6,5,5,13,1,
610110,Ida B Wells Preparatory Elementary Academy,ES,244 E Pershing Rd ,Chicago,IL,60653,1,1,3,0,4,5,0,0,0,0,3,5,2,19,1,
610053,Marquette Elementary School,ES,6550 S Richmond St ,Chicago,IL,60629,1,1,1,0,1,1,0,0,2,2,3,3,5,17,1,
610342,Albert R Sabin Elementary Magnet School,ES,2216 W Hirsch St ,Chicago,IL,60622,1,1,4,0,2,1,0,0,0,0,4,4,5,18,1,
610321,Thurgood Marshall Middle School,MS,3900 N Lawndale Ave ,Chicago,IL,60618,1,1,2,0,1,1,0,0,0,0,4,5,6,16,1,
609867,Peter Cooper Elementary Dual Language Academy,ES,1624 W 19th St ,Chicago,IL,60608,1,1,0,0,0,0,0,0,0,0,6,5,6,14,1,
610083,Daniel C Beard Elementary School,ES,6445 W Strong St ,Chicago,IL,60656,0,1,0,0,0,0,0,0,4,4,1,5,4,14,1,
609891,James R Doolittle Jr Elementary School,ES,535 E 35th St ,Chicago,IL,60616,1,1,2,0,2,3,0,0,2,3,1,1,4,19,1,
609864,John W Cook Elementary School,ES,8150 S Bishop St ,Chicago,IL,60620,1,1,0,0,0,0,0,0,2,3,4,4,4,15,1,
609981,Phobe Apperson Hearst Elementary School,ES,4640 S Lamon Ave ,Chicago,IL,60638,1,1,2,0,2,2,0,0,2,2,2,4,5,19,1,
610153,William H Ryder Math & Science Specialty Elementary School,ES,8716 S Wallace St ,Chicago,IL,60620,1,1,2,0,3,3,0,0,0,0,3,5,4,17,1,
609751,Dr  Martin Luther King  Jr  College Prep High School,HS,4445 S Drexel Blvd ,Chicago,IL,60653,1,1,0,0,0,0,0,0,4,3,2,5,6,17,1,
610363,Walt Disney Magnet Elementary School,ES,4140 N Marine Dr ,Chicago,IL,60613,1,1,0,0,0,0,0,0,0,0,6,5,6,14,1,
609845,George Washington Carver Primary School,ES,901 E 133rd Pl ,Chicago,IL,60827,1,1,2,0,2,2,0,0,3,4,0,5,4,19,1,
610334,Al Raby High School,HS,3545 W Fulton Blvd ,Chicago,IL,60624,1,1,3,0,3,3,0,0,0,0,0,5,5,16,1,
610023,William H King Elementary School,ES,740 S Campbell Ave ,Chicago,IL,60612,1,1,3,0,3,3,0,0,0,0,2,5,5,18,1,
610075,Moses Montefiore Special Elementary School,ES,1310 S Ashland Ave ,Chicago,IL,60608,0,1,2,0,3,1,0,0,2,4,0,1,3,16,1,
610380,Daniel Hale Williams Prep School of Medicine,HS,4934 S Wabash Ave ,Chicago,IL,60615,1,1,3,0,3,3,0,0,0,0,1,5,6,18,1,
400018,Austin Business and Entrepreneurship Academy High School,HS,231 N Pine Ave ,Chicago,IL,60644,1,1,2,0,3,2,0,0,0,0,6,5,0,15,1,
610258,Florence B Price Elementary School,ES,4351 S Drexel Blvd ,Chicago,IL,60653,1,1,2,0,2,3,0,0,2,3,0,1,5,19,1,
610283,Simon Guggenheim Elementary School,ES,7141 S Morgan St ,Chicago,IL,60621,1,1,2,0,2,2,0,0,3,3,0,4,3,17,1,
610101,William B Ogden Elementary School,ES,24 W Walton St ,Chicago,IL,60610,1,1,0,0,0,0,0,0,0,0,5,5,7,14,1,
609874,Everett McKinley Dirksen Elementary School,ES,8601 W Foster Ave ,Chicago,IL,60656,1,1,3,0,1,1,0,0,0,0,5,5,6,18,1,
610268,Arthur R Ashe Elementary School,ES,8505 S Ingleside Ave ,Chicago,IL,60619,1,1,0,0,0,0,0,0,2,2,7,4,3,16,1,
609939,Frank L Gillespie Elementary School,ES,9301 S State St ,Chicago,IL,60619,1,1,2,0,2,3,0,0,0,0,1,5,6,16,1,
609932,Jesse Owens Elementary Community Academy,ES,12450 S State St ,Chicago,IL,60628,1,1,0,0,0,0,0,0,3,4,1,5,3,13,1,
609951,Ariel Elementary Community Academy,ES,1119 E 46th St ,Chicago,IL,60653,1,1,0,0,0,0,0,0,3,3,5,5,6,19,1,
610256,Jackie Robinson Elementary School,ES,4225 S Lake Park Ave ,Chicago,IL,60653,1,1,0,0,0,0,0,0,2,3,0,4,3,10,1,
610295,Thomas J Higgins Elementary Community Academy,ES,11710 S Morgan St ,Chicago,IL,60643,1,1,0,0,0,0,0,0,3,3,5,5,5,18,1,
610265,Benjamin Banneker Elementary School,ES,6656 S Normal Blvd ,Chicago,IL,60621,1,1,2,0,2,3,0,0,0,0,1,4,3,13,1,
610533,Dr Jorge Prieto Math and Science,ES,2231 N Central Ave ,Chicago,IL,60639,1,1,0,0,0,0,0,0,3,4,4,5,6,19,1,
610213,James Wadsworth Elementary School,ES,6420 S University Ave ,Chicago,IL,60637,1,1,0,0,0,0,0,0,3,3,2,5,5,15,1,
610058,Horatio May Elementary Community Academy,ES,512 S Lavergne Ave ,Chicago,IL,60644,1,1,3,0,3,3,0,0,0,0,1,4,6,18,1,
610297,High School of Leadership at South Shore,HS,7627 S Constance Ave ,Chicago,IL,60649,1,1,0,2,0,0,1,2,2,2,2,4,5,18,1,
609870,Daniel J Corkery Elementary School,ES,2510 S Kildare Ave ,Chicago,IL,60623,1,1,2,0,2,2,0,0,0,0,4,5,7,19,1,
